IID,SNP_1,SNP_2,SNP_3,SNP_4,SNP_5,SNP_6,SNP_7,SNP_8,SNP_9,SNP_10,SNP_11,SNP_12,SNP_13,SNP_14,SNP_15,SNP_16,SNP_17,SNP_18,SNP_19,SNP_20,SNP_21,SNP_22,SNP_23,SNP_24,SNP_25,SNP_26,SNP_27,SNP_28,SNP_29,SNP_30,SNP_31,SNP_32,SNP_33,SNP_34,SNP_35,SNP_36,SNP_37,SNP_38,SNP_39,SNP_40,SNP_41,SNP_42,SNP_43,SNP_44,SNP_45,SNP_46,SNP_47,SNP_48,SNP_49,SNP_50,SNP_51,SNP_52,SNP_53,SNP_54,SNP_55,SNP_56,SNP_57,SNP_58,SNP_59,SNP_60,SNP_61,SNP_62,SNP_63,SNP_64,SNP_65,SNP_66,SNP_67,SNP_68,SNP_69,SNP_70,SNP_71,SNP_72,SNP_73,SNP_74,SNP_75,SNP_76,SNP_77,SNP_78,SNP_79,SNP_80,SNP_81,SNP_82,SNP_83,SNP_84,SNP_85,SNP_86,SNP_87,SNP_88,SNP_89,SNP_90,SNP_91,SNP_92,SNP_93,SNP_94,SNP_95,SNP_96,SNP_97,SNP_98,SNP_99,SNP_100,SNP_101,SNP_102,SNP_103,SNP_104,SNP_105,SNP_106,SNP_107,SNP_108,SNP_109,SNP_110,SNP_111,SNP_112,SNP_113,SNP_114,SNP_115,SNP_116,SNP_117,SNP_118,SNP_119,SNP_120,SNP_121,SNP_122,SNP_123,SNP_124,SNP_125,SNP_126,SNP_127,SNP_128,SNP_129,SNP_130,SNP_131,SNP_132,SNP_133,SNP_134,SNP_135,SNP_136,SNP_137,SNP_138,SNP_139,SNP_140,SNP_141,SNP_142,SNP_143,SNP_144,SNP_145,SNP_146,SNP_147,SNP_148,SNP_149,SNP_150,SNP_151,SNP_152,SNP_153,SNP_154,SNP_155,SNP_156,SNP_157,SNP_158,SNP_159,SNP_160,SNP_161,SNP_162,SNP_163,SNP_164,SNP_165,SNP_166,SNP_167,SNP_168,SNP_169,SNP_170,SNP_171,SNP_172,SNP_173,SNP_174,SNP_175,SNP_176,SNP_177,SNP_178,SNP_179,SNP_180,SNP_181,SNP_182,SNP_183,SNP_184,SNP_185,SNP_186,SNP_187,SNP_188,SNP_189,SNP_190,SNP_191,SNP_192,SNP_193,SNP_194,SNP_195,SNP_196,SNP_197,SNP_198,SNP_199,SNP_200
Sample_1,0,0,2,2,0,0,NA,2,2,2,1,2,0,0,1,0,1,1,1,0,2,1,1,2,1,2,2,1,0,1,2,0,0,2,2,2,2,1,2,0,0,0,1,0,2,1,1,2,1,2,1,1,1,0,0,0,0,1,1,1,2,0,0,2,2,1,1,NA,2,2,2,2,2,0,0,2,2,0,1,1,0,0,1,2,0,2,2,1,2,2,1,2,1,1,0,0,0,0,2,0,1,0,1,0,2,0,1,0,1,1,0,2,1,0,0,0,1,0,2,2,0,0,1,1,0,1,1,2,2,1,1,0,2,1,2,2,2,0,0,0,2,2,NA,2,2,1,2,1,2,1,0,NA,2,0,2,1,0,0,2,2,2,2,1,0,0,0,0,2,1,2,2,0,1,0,NA,2,0,2,2,NA,2,2,NA,2,0,NA,0,0,2,2,1,2,0,0,0,1,1,2,1,2
Sample_2,0,0,1,0,2,1,0,1,2,2,0,1,1,NA,1,1,2,2,0,0,2,2,0,0,1,2,2,2,1,2,0,2,2,0,1,0,0,2,1,1,2,2,0,2,1,0,0,0,NA,1,0,2,2,1,0,0,0,0,2,0,0,1,2,1,2,1,2,0,1,0,1,2,0,0,0,1,0,0,0,0,1,1,1,2,0,2,0,1,1,2,2,1,1,1,2,2,1,2,1,2,NA,0,0,1,1,1,1,0,2,1,0,2,NA,NA,0,0,2,0,1,0,2,0,0,1,1,2,2,2,2,2,0,2,1,2,2,0,1,1,1,1,2,1,2,1,2,1,0,1,1,2,0,1,0,1,2,1,2,0,1,0,2,1,0,1,1,1,2,2,1,1,0,0,2,2,0,1,2,0,1,0,2,1,NA,1,0,1,0,1,1,0,1,0,0,2,0,1,0,1,2,2
Sample_3,1,2,1,0,2,0,1,0,2,0,2,1,NA,1,1,0,2,0,2,0,0,0,2,2,1,2,1,2,1,0,2,1,NA,2,2,0,2,2,NA,1,1,0,1,1,1,1,0,1,1,1,2,NA,1,1,0,2,0,1,1,0,2,1,2,0,2,2,2,NA,0,0,0,0,2,2,1,0,0,2,0,1,1,2,0,1,2,1,1,1,2,1,2,1,1,NA,2,1,2,2,1,0,2,0,1,1,NA,2,0,1,2,0,2,1,2,1,0,0,1,2,0,2,1,1,0,0,1,0,2,0,0,1,0,2,1,1,0,1,2,0,1,1,1,1,0,1,1,2,2,2,0,2,0,2,1,0,1,0,2,2,0,2,1,0,2,1,1,0,1,1,1,1,1,1,1,0,0,2,1,2,1,NA,1,2,2,2,0,1,NA,2,2,0,1,1,0,0,1,0,0,1,2,2
Sample_4,2,1,1,1,NA,1,0,0,1,2,1,0,1,0,2,0,0,2,2,0,0,0,2,NA,0,2,0,0,1,0,0,0,1,2,1,2,1,2,NA,2,1,0,1,1,1,1,0,0,1,2,1,2,1,1,2,2,2,0,0,1,2,1,1,0,1,0,0,1,2,2,2,1,1,2,1,1,2,2,0,2,1,1,2,2,2,2,0,1,1,NA,2,0,2,0,0,1,1,1,2,0,2,NA,1,1,1,2,1,2,1,1,NA,2,0,0,1,0,NA,0,2,2,2,0,2,NA,NA,1,2,2,0,1,2,2,0,0,2,0,1,0,0,2,2,1,2,0,1,2,2,2,2,1,2,2,2,1,1,1,1,1,0,1,0,2,2,2,1,2,1,2,0,1,0,0,NA,1,2,1,1,1,0,2,1,2,1,2,2,1,2,1,2,1,2,1,2,0,2,2,2,1,NA,0
Sample_5,1,0,1,0,2,2,NA,2,1,0,2,0,0,2,1,2,0,1,1,0,2,1,1,1,0,0,0,1,0,2,1,0,2,1,0,1,1,2,1,1,1,2,0,1,1,0,1,0,0,0,2,1,1,0,NA,2,0,1,0,2,0,0,0,0,0,1,2,2,1,0,1,0,0,2,0,2,0,NA,2,2,2,0,0,1,NA,0,1,2,2,0,0,0,1,1,1,1,0,1,2,0,0,0,1,1,1,2,2,1,NA,1,1,0,2,2,2,0,2,1,NA,2,1,0,2,1,0,2,1,0,0,1,2,1,0,1,1,0,1,2,0,1,2,2,1,2,2,1,0,0,1,NA,1,2,0,1,2,1,2,1,1,2,2,0,0,0,2,0,2,2,0,2,1,1,0,0,2,2,2,2,NA,0,NA,2,0,1,0,2,2,1,2,1,0,1,0,0,2,1,0,2,1,0
Sample_6,0,0,1,1,0,2,0,1,1,1,0,2,0,1,NA,2,2,1,0,1,1,1,2,2,1,2,2,0,0,1,1,0,1,0,NA,1,0,2,2,1,2,2,2,2,1,1,0,2,2,2,NA,2,2,2,1,2,1,2,2,0,1,0,0,2,2,2,0,2,1,0,2,1,2,2,1,0,1,1,2,2,1,2,0,2,1,0,1,0,1,2,0,1,2,0,2,0,2,0,1,1,0,NA,0,1,0,1,2,0,0,2,0,0,0,0,1,0,1,0,2,1,2,1,0,1,0,2,1,0,1,0,2,1,0,0,0,0,NA,1,1,2,1,2,2,1,2,2,2,1,0,0,1,2,2,1,2,0,2,0,2,0,0,2,0,0,2,2,2,2,0,2,2,1,1,1,0,2,1,0,0,0,1,NA,0,2,1,1,1,2,2,1,2,0,0,0,1,2,1,0,0,2
Sample_7,0,1,0,0,0,2,0,0,0,0,1,2,2,2,0,0,2,1,2,2,2,2,1,2,2,1,1,2,0,2,1,2,1,0,1,2,1,0,0,1,2,NA,2,2,0,1,0,0,0,1,2,0,0,1,2,1,2,1,2,1,1,0,0,0,2,1,0,1,0,2,1,1,2,1,1,2,0,2,0,0,2,NA,NA,2,2,0,1,2,2,2,0,1,NA,1,1,NA,2,0,0,0,2,1,1,1,0,0,0,2,0,1,0,2,1,2,2,0,0,2,1,0,1,2,0,1,NA,0,2,0,2,1,2,2,2,2,1,1,0,2,1,1,NA,1,1,1,2,1,2,0,0,1,2,1,0,1,1,0,1,2,0,2,2,1,NA,0,2,0,0,0,1,0,1,1,0,0,1,0,0,1,2,1,1,2,0,2,0,0,1,2,2,1,1,2,2,2,NA,2,1,0,1,0
Sample_8,0,0,1,2,1,2,0,1,2,0,0,1,2,NA,2,1,1,0,2,2,2,1,2,2,0,1,0,2,1,0,1,1,1,1,NA,0,2,0,2,0,1,1,1,0,1,2,0,1,2,1,0,2,1,0,1,2,1,2,1,2,2,1,2,0,0,0,0,1,2,0,2,2,0,1,0,1,1,1,1,2,1,1,1,0,0,1,1,1,1,0,1,1,0,1,1,2,1,0,1,0,0,0,2,1,2,0,0,0,2,2,2,2,2,2,0,1,1,0,0,2,0,2,0,1,1,2,0,2,1,1,0,2,1,2,0,1,1,1,1,2,1,2,0,1,NA,0,0,1,2,2,1,1,1,2,1,2,0,0,0,0,0,1,NA,0,1,1,1,0,1,0,0,2,2,2,1,0,0,2,0,0,0,1,1,0,2,2,2,2,NA,1,2,2,2,0,0,2,2,0,1,2
Sample_9,2,1,0,NA,1,0,1,2,1,1,2,0,1,0,0,1,2,0,1,0,0,0,2,2,2,0,2,NA,1,2,1,1,0,0,1,0,2,1,1,2,0,0,2,0,0,NA,0,NA,0,0,2,1,0,2,0,0,0,2,1,1,1,2,1,2,2,1,1,0,2,0,1,NA,2,0,0,1,2,0,0,0,0,0,NA,2,1,2,0,2,0,0,0,1,1,2,1,0,0,2,0,1,0,0,1,0,2,2,0,1,2,1,0,1,0,NA,1,2,1,0,0,0,1,2,0,1,0,NA,2,0,1,1,2,2,0,1,0,1,0,NA,0,1,2,0,0,2,2,2,1,1,1,2,1,0,0,NA,1,1,2,0,2,2,2,0,1,0,2,2,2,NA,2,2,1,0,0,2,2,1,0,1,1,0,0,2,0,2,0,1,0,1,1,0,2,2,0,0,2,0,0,2,2,NA
Sample_10,2,2,1,2,1,0,0,2,1,1,2,1,2,NA,2,0,1,1,0,2,2,1,0,1,0,0,0,2,0,2,2,NA,0,1,0,0,2,2,2,0,1,1,1,NA,2,1,0,2,0,0,1,2,2,0,1,1,NA,1,1,0,2,2,2,2,0,2,2,1,0,0,2,NA,2,2,0,1,0,0,1,2,2,2,2,0,2,1,2,0,2,1,0,2,0,2,1,1,1,1,1,NA,0,2,0,1,0,1,0,1,1,2,0,2,1,1,0,0,1,2,0,0,2,0,2,0,0,0,NA,1,1,1,2,2,NA,2,1,1,1,2,0,0,0,2,0,1,2,NA,2,0,2,1,2,1,1,0,2,2,0,NA,1,2,1,1,1,1,2,2,0,0,2,1,2,NA,1,1,2,NA,2,1,0,2,2,1,2,0,1,1,2,0,1,0,2,1,1,2,0,2,2,0,2,1
Sample_11,0,0,2,1,2,0,2,1,0,0,0,0,0,1,1,1,0,2,0,2,2,NA,0,1,0,2,0,1,1,2,1,0,1,0,1,NA,0,0,0,2,0,2,2,2,2,0,NA,1,2,2,2,0,2,2,2,1,0,2,0,1,0,2,1,1,2,0,1,0,NA,0,2,0,0,0,2,1,0,0,1,2,2,0,NA,2,1,2,2,1,1,1,1,1,2,0,2,0,2,2,0,1,2,2,0,1,1,0,1,NA,2,2,0,2,2,2,1,0,2,1,2,2,2,2,1,0,1,1,0,1,0,1,1,1,0,2,0,0,0,2,2,2,2,1,0,1,2,2,2,0,0,NA,2,1,1,0,1,2,1,2,0,1,0,0,0,2,1,2,0,0,0,1,1,0,0,0,2,1,1,2,0,1,1,0,2,2,2,1,2,0,2,1,0,2,0,2,2,1,2,2,2,2
Sample_12,1,2,1,2,1,0,2,0,1,2,NA,0,2,0,2,2,2,2,NA,1,2,2,2,2,1,2,2,2,2,2,1,2,0,0,1,1,2,0,2,0,1,2,2,2,0,1,0,2,2,0,0,1,0,2,2,2,NA,1,2,2,0,1,0,2,0,1,2,0,2,2,0,2,2,2,0,1,0,2,2,2,0,0,NA,0,0,1,2,1,1,1,1,2,NA,0,2,NA,1,0,2,0,1,2,NA,0,1,2,2,2,2,0,2,0,NA,2,0,2,2,1,2,0,1,0,2,2,2,2,0,2,1,2,0,0,1,1,1,0,1,1,1,0,2,1,2,1,1,1,0,0,0,0,2,0,2,2,2,0,2,2,0,0,2,1,2,1,0,2,2,0,2,0,1,0,1,1,0,2,1,1,0,1,2,1,1,2,2,2,0,1,0,1,1,1,0,0,0,2,0,1,0,1
Sample_13,2,2,0,2,0,0,0,2,NA,0,0,1,2,2,1,0,1,0,1,2,0,2,2,1,0,1,0,2,0,0,2,2,0,2,2,0,2,2,0,1,1,1,2,2,1,1,0,2,0,NA,0,0,1,2,1,0,2,2,1,2,0,2,1,1,1,2,0,2,0,2,0,1,2,2,0,2,NA,0,2,0,1,0,1,2,2,0,1,NA,2,0,2,0,2,NA,0,0,1,1,0,2,0,2,2,1,0,1,1,2,0,1,2,2,2,1,2,0,1,2,1,0,0,0,1,2,2,0,1,1,0,1,2,2,0,0,0,0,0,1,0,0,2,0,2,1,1,2,1,2,0,0,1,2,NA,2,1,2,1,0,1,1,1,1,1,1,1,1,1,1,0,2,0,0,1,2,0,1,2,2,1,2,0,2,0,1,0,1,1,1,1,2,0,2,0,1,2,2,0,1,0,2
Sample_14,1,2,0,1,1,2,2,1,1,2,1,0,0,2,0,1,0,1,0,2,0,2,2,1,0,1,0,0,NA,1,1,2,2,2,2,2,2,2,1,1,0,1,0,0,0,1,2,1,1,2,0,0,2,0,2,1,0,0,2,2,2,1,0,1,1,1,1,0,2,NA,1,2,0,0,NA,1,1,1,0,0,1,1,1,0,2,1,0,2,2,0,2,1,2,NA,2,1,0,0,0,0,1,NA,2,0,NA,NA,1,0,0,1,2,2,1,2,0,0,2,1,1,0,1,1,1,2,2,2,1,1,2,2,2,1,2,0,2,0,2,2,2,2,0,1,0,1,1,2,0,0,0,1,0,1,2,2,1,2,0,0,2,2,1,2,2,0,1,0,0,0,0,2,2,2,1,2,2,2,0,0,2,0,2,1,2,1,1,1,1,2,1,2,1,1,NA,NA,0,1,NA,0,0,2
Sample_15,2,2,0,1,0,2,1,0,2,2,1,0,2,0,1,NA,1,0,1,1,0,0,2,2,1,2,NA,0,2,0,1,2,0,1,0,0,2,NA,0,1,0,1,1,2,2,2,0,1,2,2,1,1,2,NA,1,1,1,NA,0,0,0,0,2,1,NA,0,1,NA,2,2,1,2,0,2,NA,2,1,1,2,0,0,2,2,0,NA,2,1,2,1,2,0,1,2,NA,2,1,0,NA,1,0,2,0,1,0,1,1,2,2,2,2,1,0,1,1,0,0,2,0,2,0,0,2,1,2,0,0,1,1,1,2,1,0,0,NA,2,2,2,2,NA,1,2,2,1,0,0,NA,0,1,2,0,1,1,1,1,0,1,1,2,2,2,2,1,0,0,1,0,2,0,1,1,1,1,0,0,2,2,0,2,1,1,NA,2,1,1,2,2,0,1,0,1,2,0,1,NA,1,2,0,0,0,1
Sample_16,1,0,0,0,1,NA,1,0,1,2,1,0,0,2,2,0,NA,2,0,2,2,0,NA,0,1,2,2,0,2,0,1,1,1,0,0,1,1,2,0,2,2,1,2,2,2,1,2,0,1,2,0,0,0,NA,NA,0,0,1,1,2,2,1,0,2,0,1,2,0,0,1,1,0,1,1,2,1,1,0,1,2,2,NA,1,1,0,0,1,0,1,0,1,1,1,1,1,1,1,1,0,1,1,0,1,2,1,0,2,0,0,2,0,NA,2,0,0,2,0,1,0,0,2,1,1,1,2,0,1,1,2,2,0,1,0,1,0,0,1,2,2,2,1,0,2,0,1,0,2,1,2,1,0,2,1,2,1,1,0,0,1,1,2,2,2,1,0,2,2,2,0,1,0,2,1,1,0,2,2,1,2,2,1,1,0,2,1,2,0,0,2,0,1,1,1,2,1,2,1,1,2,NA
Sample_17,1,1,2,0,1,1,0,2,1,1,2,0,0,1,0,2,0,0,1,0,2,1,2,1,1,2,1,0,0,2,2,2,0,2,1,1,0,2,1,0,2,1,2,0,2,1,1,0,2,2,1,1,0,2,2,1,1,2,1,2,NA,0,1,2,1,NA,0,2,1,0,2,0,0,0,2,0,1,0,2,0,1,1,0,1,1,2,2,1,2,0,1,1,2,0,2,1,2,1,0,2,2,2,0,2,0,0,0,NA,0,1,1,0,NA,2,0,2,0,2,2,2,0,2,1,0,1,2,1,0,0,1,1,1,0,0,0,0,1,2,1,0,NA,2,1,NA,2,0,1,1,2,NA,1,1,0,0,2,1,2,1,1,2,2,2,1,1,1,0,1,1,0,1,2,0,0,NA,0,0,2,2,1,0,NA,2,NA,2,1,2,2,0,NA,2,NA,2,NA,0,NA,1,0,0,0,0
Sample_18,2,0,0,2,1,2,0,0,2,0,0,0,2,0,0,2,0,NA,0,NA,2,1,1,0,1,1,0,0,2,0,1,0,0,2,2,2,1,2,0,0,1,0,0,1,1,2,1,NA,2,0,0,0,2,1,2,0,1,0,0,0,2,1,2,1,1,2,1,0,NA,1,1,0,0,2,2,0,2,0,2,0,1,2,0,1,2,2,1,0,2,0,1,2,1,0,0,1,0,0,0,NA,0,2,0,1,2,1,2,2,2,0,1,2,0,0,1,0,2,0,1,0,0,2,2,0,0,2,2,2,2,1,1,1,0,1,2,1,2,1,1,2,0,1,1,1,0,1,0,0,2,NA,2,0,1,2,NA,0,0,2,1,2,1,2,2,1,1,1,1,0,1,0,0,1,0,2,0,0,NA,0,1,2,2,1,1,0,0,1,0,1,2,2,2,1,2,2,1,0,0,2,0,0
Sample_19,0,2,2,1,0,1,0,1,1,2,2,0,1,1,NA,1,2,2,2,1,2,1,1,2,0,1,2,0,2,0,NA,1,2,2,0,1,1,NA,2,2,0,NA,NA,2,1,2,1,2,0,1,0,1,2,1,1,0,2,1,0,1,0,0,1,1,NA,2,2,2,0,0,1,2,1,2,2,0,NA,1,1,0,0,0,2,2,2,0,0,0,1,2,1,2,1,1,NA,0,2,0,0,0,0,1,0,0,2,1,1,NA,0,0,0,0,1,NA,2,2,0,2,2,0,0,2,1,2,NA,0,2,2,1,0,1,1,0,1,0,1,2,2,NA,0,1,1,1,1,1,0,1,1,2,0,2,0,1,2,2,0,0,2,1,1,1,2,2,1,2,1,0,0,1,2,0,0,1,0,2,1,0,2,1,0,1,1,2,0,0,1,1,0,2,1,0,0,1,0,1,2,1,0,1,2
Sample_20,2,1,0,0,1,2,NA,1,1,1,0,0,1,2,1,0,NA,1,1,1,2,0,1,1,1,2,1,2,2,1,2,0,2,1,NA,1,2,0,2,1,2,1,1,2,2,1,1,1,2,2,0,2,2,2,2,1,2,1,2,2,1,0,1,1,0,1,1,1,0,0,0,1,2,1,0,1,1,1,0,0,1,0,0,1,1,2,0,2,0,2,0,2,2,0,0,1,2,2,1,0,1,1,0,1,0,1,0,0,2,1,NA,2,NA,0,2,2,2,1,2,0,1,NA,1,0,0,2,2,0,0,1,1,1,0,2,0,2,2,1,0,0,2,1,1,0,0,2,2,1,2,0,1,0,1,1,2,0,2,0,1,2,0,1,0,1,2,2,1,1,2,1,1,1,2,1,0,1,0,1,1,1,2,0,1,1,2,1,1,2,1,1,2,2,0,NA,1,1,0,2,NA,0
Sample_21,1,0,2,0,1,NA,1,1,1,1,1,1,1,0,2,1,0,0,NA,2,0,1,NA,2,1,2,0,0,0,2,1,2,2,0,2,0,1,1,NA,2,1,0,0,NA,2,1,1,0,0,1,2,2,0,1,0,2,1,1,1,0,1,2,1,1,1,2,2,1,1,1,2,0,1,1,0,NA,1,2,0,2,2,1,1,0,1,2,2,NA,0,2,0,2,1,2,2,NA,1,0,0,2,2,2,1,0,0,2,2,2,NA,0,1,1,2,1,2,2,2,1,0,NA,0,0,0,0,1,2,1,0,0,0,1,1,NA,0,2,1,0,2,1,2,2,1,NA,2,2,1,0,1,2,2,1,2,1,1,NA,0,1,0,2,2,2,0,2,1,2,1,0,1,0,0,0,0,1,0,0,1,0,2,NA,1,0,0,1,0,2,0,2,0,1,0,2,0,0,0,0,0,2,2,0,1
Sample_22,0,0,1,0,1,2,1,1,2,2,0,1,1,2,1,1,0,2,0,1,0,1,2,0,0,2,2,1,2,1,1,0,2,0,1,2,2,2,2,0,0,NA,2,0,2,0,1,2,0,2,0,1,2,0,1,1,2,1,2,NA,0,2,2,2,1,2,0,2,0,2,1,0,1,0,0,1,2,2,1,2,1,2,1,1,0,1,0,2,0,1,2,2,0,1,1,0,0,1,1,NA,2,1,0,2,0,0,1,1,1,1,2,0,1,2,2,2,1,1,0,1,2,0,2,2,2,2,2,0,2,1,0,2,0,0,2,2,2,1,1,0,0,2,1,0,1,1,0,1,0,1,2,1,0,1,0,0,2,2,1,1,1,0,1,0,2,0,2,1,1,2,0,0,2,2,0,2,0,NA,1,1,1,2,2,0,2,0,0,2,1,0,1,1,2,0,1,1,1,NA,2,2
Sample_23,0,1,2,1,2,2,NA,2,0,1,1,2,0,0,0,1,2,0,2,2,1,0,2,0,NA,2,1,1,0,2,2,0,2,1,0,2,0,0,2,2,2,0,2,2,1,1,2,1,0,0,NA,2,0,1,2,2,2,0,0,1,2,1,0,2,1,1,1,1,0,2,0,2,0,1,2,0,1,2,0,0,1,1,1,2,2,NA,1,2,2,0,1,0,2,2,0,0,1,1,1,0,0,2,2,1,2,0,2,1,2,2,0,2,1,0,0,1,1,1,1,2,2,1,1,0,0,2,2,1,1,1,0,0,0,2,1,2,1,NA,NA,0,1,1,0,0,1,0,0,0,0,0,1,2,2,2,0,0,0,2,2,2,0,2,2,0,0,1,2,1,0,2,0,2,1,1,2,2,1,2,2,0,0,0,1,1,1,0,0,2,2,NA,1,1,1,1,0,0,0,0,2,2
Sample_24,1,0,1,NA,0,1,2,0,0,2,1,NA,1,1,2,0,2,0,0,2,0,2,2,1,1,1,2,1,2,NA,0,2,NA,1,1,1,2,1,2,0,1,2,2,1,1,1,0,1,1,0,0,NA,1,NA,1,0,2,0,0,1,0,1,0,0,0,2,0,1,2,1,0,1,1,0,2,1,0,1,1,2,1,0,0,2,1,0,0,0,0,2,2,2,0,1,2,1,0,1,0,2,NA,NA,2,1,1,1,NA,2,1,1,0,2,1,1,0,2,1,2,0,0,0,0,0,2,2,NA,2,2,0,1,2,NA,0,1,0,1,NA,NA,2,0,0,2,0,NA,1,2,0,1,0,0,0,NA,0,1,2,2,0,0,2,0,2,0,2,2,2,0,2,2,1,NA,1,2,2,0,2,0,2,0,0,1,0,2,NA,2,1,1,1,0,1,1,0,1,0,2,2,0,1,0,0,1
Sample_25,0,0,0,2,0,0,1,2,1,0,2,2,1,1,0,1,2,0,1,NA,0,1,0,0,1,1,2,1,1,0,NA,2,1,1,2,1,2,0,0,2,1,2,2,2,0,1,0,1,2,NA,0,1,0,2,2,0,0,1,2,0,0,0,1,2,2,2,1,2,0,1,1,2,1,NA,1,NA,2,1,2,0,2,1,0,0,0,0,1,2,2,1,0,1,NA,1,0,NA,0,0,2,1,1,1,2,1,1,0,2,2,1,0,NA,1,0,NA,2,2,0,2,1,2,2,1,NA,0,2,1,1,2,1,1,2,2,2,0,2,2,0,0,2,1,1,1,0,0,2,0,2,NA,1,1,1,2,0,2,0,1,2,2,1,2,2,2,1,0,1,0,2,2,2,1,2,1,2,1,1,2,0,2,0,2,1,1,1,0,0,2,NA,2,0,2,2,1,1,1,2,2,0,0,0,2
Sample_26,2,0,2,1,1,1,2,2,2,1,1,2,0,2,2,0,1,0,2,2,NA,2,0,1,0,0,1,0,2,2,0,1,0,1,2,2,2,2,1,2,2,1,NA,0,2,0,NA,2,2,2,1,2,2,1,2,2,NA,2,2,2,2,2,0,0,2,0,1,0,2,2,0,0,1,0,2,NA,2,1,1,1,2,1,2,0,0,0,0,2,2,0,1,1,2,1,1,2,0,2,2,0,2,2,1,1,1,2,1,0,1,2,1,0,0,0,0,0,0,2,2,1,1,1,2,0,1,2,2,1,0,2,0,0,2,2,1,0,1,0,1,2,1,2,0,0,1,0,0,0,0,1,1,0,1,2,1,2,2,0,2,NA,2,0,2,2,0,0,2,0,0,0,1,0,2,2,0,1,0,NA,1,1,2,0,2,0,2,1,0,2,1,NA,0,2,1,1,NA,1,1,1,0,1
Sample_27,1,1,1,0,2,0,0,2,0,0,2,0,2,2,1,1,2,1,0,0,2,NA,0,1,2,1,1,1,0,0,0,2,1,2,0,2,0,2,0,0,1,0,2,0,2,2,0,1,1,1,1,1,0,0,0,2,1,2,0,1,1,2,NA,0,2,2,2,0,0,0,0,2,2,2,0,0,2,1,0,0,NA,2,2,1,2,1,1,2,0,2,1,NA,2,1,2,0,2,1,1,0,0,0,2,2,1,0,1,0,2,0,1,1,0,0,0,0,2,1,2,1,1,1,0,0,0,1,0,2,2,2,2,2,1,1,2,1,0,1,1,0,0,1,0,0,0,2,0,1,2,0,0,0,1,0,2,0,0,2,0,0,1,0,1,1,1,0,2,2,0,0,0,1,0,NA,0,1,2,2,0,0,1,2,1,0,2,1,2,1,2,2,1,1,2,1,2,0,0,0,1,1
Sample_28,0,2,0,0,1,1,2,2,1,2,1,1,1,0,2,2,2,0,0,0,0,1,0,1,0,0,2,1,0,0,2,1,2,1,0,0,2,0,0,0,NA,1,0,0,2,1,1,2,1,0,0,0,0,1,1,1,2,0,0,0,0,1,0,2,2,2,1,1,0,1,0,0,2,1,NA,2,0,1,0,0,0,2,NA,1,NA,1,NA,1,2,1,0,0,2,2,0,NA,1,0,0,0,0,0,2,2,2,2,2,1,0,1,1,NA,2,0,2,0,1,0,1,0,1,1,1,1,0,1,1,1,0,2,1,1,2,0,2,1,2,1,2,NA,0,0,2,NA,1,2,0,1,1,2,1,0,1,0,0,2,2,0,0,1,0,0,1,1,1,0,2,1,0,1,1,1,2,1,0,1,1,1,1,2,2,2,0,2,2,2,2,2,2,0,1,1,0,2,2,1,0,2,0,NA
Sample_29,0,2,2,1,0,2,1,0,1,0,2,1,1,1,1,0,1,2,1,2,1,2,0,0,0,1,2,2,1,0,1,1,0,1,1,1,2,2,1,2,2,1,0,1,NA,NA,2,2,0,1,1,2,0,2,2,2,1,1,2,2,2,2,2,1,0,NA,NA,0,NA,0,0,0,2,1,2,1,0,1,2,0,2,NA,0,2,0,0,1,0,1,1,2,2,1,1,0,0,2,0,1,1,2,0,1,0,2,NA,0,1,0,NA,0,0,1,0,2,1,1,1,1,2,2,1,2,0,1,1,2,1,2,0,1,0,0,1,1,2,2,0,1,0,0,1,1,1,2,1,1,2,1,2,2,2,2,2,1,1,0,1,NA,0,0,2,2,NA,NA,2,1,1,NA,2,NA,0,1,1,1,2,1,1,1,2,0,2,0,NA,NA,1,2,0,2,1,2,2,1,0,1,1,1,0,2,0
Sample_30,0,1,2,2,1,1,2,0,1,1,0,2,2,1,0,1,0,1,2,2,1,2,2,0,1,1,2,1,1,2,2,0,0,0,NA,1,NA,1,0,0,0,2,1,1,0,2,0,1,1,1,0,2,0,0,2,0,1,2,1,0,2,0,0,1,1,0,2,2,2,1,0,1,0,1,0,0,0,1,1,1,0,1,2,0,0,2,1,2,1,1,NA,2,2,2,1,2,0,0,0,0,2,1,2,1,1,2,1,2,2,1,1,1,0,2,2,1,1,0,2,2,1,2,1,1,NA,NA,2,1,1,0,NA,1,2,2,0,0,0,0,0,1,2,1,0,1,0,2,2,0,1,1,1,2,0,1,2,1,2,1,1,1,2,NA,0,2,0,1,2,1,1,2,NA,2,0,1,2,2,1,2,0,2,2,2,0,1,2,0,1,0,2,0,0,0,0,1,NA,1,0,1,0,2
Sample_31,2,2,1,0,2,0,2,1,1,2,2,1,0,1,1,2,2,2,2,0,1,1,1,0,2,2,2,2,2,1,0,2,1,2,1,0,2,2,2,2,2,0,NA,0,2,2,0,2,0,0,1,1,0,0,NA,1,2,0,1,1,2,0,1,1,2,2,0,0,2,0,0,1,0,2,2,1,0,1,1,2,0,2,0,0,1,1,2,0,1,1,1,0,0,0,2,1,2,0,1,0,1,0,2,1,2,0,0,2,2,0,0,2,0,1,1,0,NA,2,1,0,NA,0,1,2,NA,1,2,2,0,0,1,1,0,0,0,2,0,0,0,1,0,2,0,0,1,2,1,0,2,0,1,2,2,1,2,0,1,2,0,0,2,2,0,0,NA,1,1,0,0,2,0,2,0,1,0,0,2,1,NA,0,1,1,2,0,2,1,2,0,2,1,2,2,2,1,0,0,2,0,2,2
Sample_32,2,1,2,2,NA,2,1,1,1,NA,NA,2,0,2,1,2,0,1,1,1,2,2,0,0,2,2,2,0,1,0,1,0,1,2,2,0,1,2,2,1,1,1,1,1,1,0,1,2,NA,1,2,2,0,2,NA,1,2,0,0,2,2,2,2,2,2,1,2,0,1,1,0,1,1,1,0,2,0,1,0,0,1,2,1,1,0,2,2,0,1,NA,1,2,2,0,0,0,2,1,1,0,0,1,2,2,NA,1,1,2,1,2,0,2,2,0,1,1,1,2,0,1,2,2,1,1,0,0,2,2,2,2,1,0,1,0,1,0,2,0,2,0,0,2,0,NA,0,1,2,1,1,0,0,1,0,1,0,0,0,1,1,2,2,2,0,2,1,2,2,NA,0,2,0,1,1,2,0,0,2,0,1,0,0,1,2,2,2,0,0,2,2,1,1,0,1,1,2,0,1,1,2,1
Sample_33,1,2,1,0,1,1,1,1,1,1,0,0,1,0,2,2,0,0,0,0,1,2,0,1,0,1,0,0,1,2,0,NA,NA,0,1,NA,0,2,1,1,0,1,0,2,2,0,2,0,2,0,1,1,0,1,1,2,1,0,2,1,2,1,NA,1,2,1,0,0,1,2,0,0,0,1,0,2,2,2,0,1,2,0,NA,2,0,0,1,1,0,2,2,2,0,0,0,2,0,0,NA,0,2,2,1,1,1,2,1,1,0,2,2,1,1,0,2,0,2,0,0,0,0,0,0,1,2,0,2,0,0,1,1,1,1,2,2,2,2,0,0,2,1,2,2,2,0,0,0,2,0,0,0,1,1,2,0,1,2,1,1,2,0,1,1,1,1,2,2,0,1,1,0,0,0,0,1,0,1,1,2,2,2,1,2,1,2,2,2,1,2,2,0,2,0,0,0,0,2,1,2,0
Sample_34,2,NA,1,0,2,1,2,2,0,2,1,1,NA,2,0,0,2,1,2,1,0,0,2,0,0,1,2,1,2,0,2,0,1,0,1,0,0,1,1,1,1,2,2,0,NA,1,2,2,2,1,2,2,1,0,1,0,2,0,1,1,0,0,0,1,2,0,1,2,0,2,2,2,0,1,1,1,NA,0,2,1,2,0,0,2,2,2,0,0,1,0,1,1,NA,0,0,0,2,2,1,NA,0,2,0,2,1,0,1,0,1,2,1,2,1,2,NA,0,1,2,2,1,2,1,0,0,2,0,1,1,NA,1,1,0,0,2,1,0,0,1,0,2,0,1,0,1,1,2,0,1,1,0,1,2,0,2,1,1,0,1,2,1,2,0,0,1,NA,2,NA,2,NA,0,2,2,1,1,1,0,2,2,0,0,2,0,2,2,1,0,1,2,1,0,1,2,0,0,1,1,2,1,0,0
Sample_35,1,NA,1,1,2,2,0,2,0,2,1,2,2,2,NA,1,0,2,2,2,1,NA,0,2,0,2,1,1,0,2,1,1,0,1,1,1,0,0,0,0,0,2,2,0,2,1,2,2,1,2,1,1,1,0,0,1,2,0,2,1,2,NA,2,0,2,0,0,2,0,0,2,2,0,2,0,2,1,0,0,1,2,0,1,0,1,0,2,0,2,2,1,1,2,2,2,2,NA,2,1,2,1,2,1,0,1,2,0,1,1,0,0,1,0,2,0,1,1,1,2,0,0,0,1,2,2,2,2,1,2,2,1,0,NA,1,0,2,2,2,1,2,1,1,1,2,1,0,0,1,0,2,2,1,2,2,2,2,2,NA,1,1,2,2,0,2,1,0,2,0,1,2,1,0,0,0,0,0,2,0,0,2,1,0,0,0,1,2,0,1,0,2,1,1,2,2,2,1,1,2,1,2
Sample_36,1,0,1,2,0,1,0,1,2,0,0,0,1,2,2,2,2,0,1,0,0,2,2,1,1,1,1,1,1,1,1,1,NA,0,1,0,1,NA,0,1,1,NA,1,2,0,1,0,0,1,2,0,1,2,1,2,0,1,1,1,0,0,2,0,2,0,1,2,2,2,2,NA,0,2,1,1,1,0,1,1,2,1,2,0,1,1,2,2,2,0,1,1,1,2,0,0,2,0,1,0,2,1,2,1,2,1,2,1,1,0,1,NA,1,0,1,2,2,2,0,0,0,2,0,2,0,1,2,1,1,0,0,1,1,NA,2,0,1,1,0,0,2,0,0,1,1,1,0,2,1,1,NA,1,0,1,1,2,2,2,1,NA,2,1,NA,0,0,0,0,0,2,2,0,0,0,2,0,0,1,1,1,0,1,NA,2,1,NA,2,0,0,0,0,1,1,2,2,0,1,1,2,2,0,2
Sample_37,2,0,0,0,2,2,0,2,1,1,2,1,0,1,2,0,1,0,0,0,0,1,NA,1,2,0,1,0,2,1,0,1,1,2,2,1,0,0,1,0,1,1,1,0,2,2,2,0,2,2,2,2,NA,2,2,0,0,2,2,2,0,1,2,1,0,1,NA,2,0,2,0,1,1,0,0,1,0,0,1,1,2,2,1,1,0,2,0,2,2,0,2,0,2,1,0,1,1,0,2,1,0,0,2,1,2,2,1,0,1,2,1,1,1,0,NA,1,1,1,0,2,2,1,2,2,2,2,0,2,2,1,0,1,2,0,2,1,0,0,NA,0,1,2,1,2,0,0,2,1,0,2,2,1,0,0,2,0,1,2,1,1,1,2,1,1,0,0,1,2,1,2,2,0,2,2,1,1,1,1,2,1,0,0,0,0,1,NA,2,0,1,0,1,0,1,1,2,0,2,2,1,2
Sample_38,1,1,1,0,1,2,2,2,0,2,2,2,1,2,0,2,1,1,0,0,NA,2,1,2,2,2,1,2,NA,1,0,0,1,2,0,2,0,2,0,0,1,0,2,0,0,0,0,1,1,1,2,1,1,1,1,2,1,0,0,2,1,0,0,0,0,0,2,NA,1,NA,2,0,0,1,0,0,0,2,1,0,1,NA,NA,0,1,0,0,0,1,0,1,2,1,0,0,1,1,1,NA,1,2,2,2,2,2,2,1,2,1,0,2,1,1,NA,2,1,1,2,0,0,2,2,2,0,0,1,2,2,2,0,2,0,0,2,2,0,2,NA,0,0,0,2,1,1,1,1,NA,0,1,1,2,2,2,1,0,1,0,1,0,1,NA,0,0,0,1,2,2,2,2,2,2,0,0,2,0,0,0,0,0,2,0,1,0,0,2,0,2,2,NA,1,1,2,1,1,0,0,2,1,0,1
Sample_39,0,1,2,2,2,2,1,NA,2,1,NA,1,0,2,NA,0,1,2,2,1,0,2,2,0,1,1,0,1,0,0,1,1,2,1,2,1,1,1,1,1,1,2,0,2,2,2,1,1,1,0,2,1,2,0,2,2,2,1,NA,2,1,2,0,2,0,1,2,1,2,2,2,0,0,0,0,1,0,1,1,1,1,2,1,2,0,0,2,2,1,1,0,2,1,0,1,1,0,1,2,1,1,2,1,1,0,2,0,2,2,2,0,1,NA,1,1,0,2,0,0,0,1,1,1,2,0,0,2,NA,1,1,0,1,1,2,1,1,1,2,1,1,0,1,0,NA,0,0,0,0,0,NA,NA,2,2,1,1,0,0,0,0,2,0,2,0,1,2,0,1,0,2,0,2,NA,0,2,0,2,0,1,0,2,1,2,0,1,2,NA,2,0,0,2,1,2,2,1,1,2,0,2,1,1
Sample_40,1,1,2,2,2,1,1,1,1,0,1,0,1,2,1,NA,2,0,0,0,0,0,NA,1,2,0,2,1,0,2,0,1,2,0,1,1,1,1,2,2,0,1,2,1,1,1,0,1,1,1,2,1,0,2,0,2,0,1,1,0,0,0,1,2,1,0,1,1,0,0,1,2,0,1,1,2,2,2,1,2,2,1,1,0,0,0,NA,1,1,0,1,2,1,1,0,1,2,0,1,1,2,0,2,0,0,1,2,NA,2,0,0,0,2,1,1,1,1,0,2,2,0,1,1,0,2,NA,2,0,NA,0,0,1,2,0,1,2,1,0,0,2,1,2,2,0,0,2,1,1,0,2,0,1,2,0,2,1,0,NA,2,0,2,1,2,2,1,2,2,1,0,0,1,2,1,1,0,1,1,2,0,0,0,0,0,1,0,1,0,2,0,2,NA,0,1,0,2,2,1,0,0,2
Sample_41,1,2,0,0,1,0,NA,1,0,0,1,2,1,NA,0,1,2,NA,1,2,0,2,NA,2,1,1,1,2,2,1,1,1,0,1,1,1,1,1,2,2,0,1,2,1,2,2,0,1,1,2,2,0,2,0,2,1,1,1,1,1,1,2,0,2,2,0,2,1,0,1,1,0,0,0,NA,NA,0,2,1,0,1,0,1,1,1,1,2,NA,0,1,NA,1,0,2,1,2,0,1,0,2,0,2,0,2,2,0,2,1,1,2,2,2,2,1,1,2,0,0,1,1,0,NA,1,0,0,1,1,2,1,NA,1,2,0,2,0,0,2,1,2,2,2,2,1,NA,2,0,2,1,0,0,0,0,1,2,1,2,1,0,0,2,0,2,0,1,0,0,0,0,1,0,1,2,0,0,0,0,0,0,1,1,1,1,NA,1,NA,1,2,0,0,2,2,2,2,1,1,1,0,0,0,1
Sample_42,2,1,2,1,1,1,2,2,2,2,1,1,2,2,2,1,2,1,1,2,1,1,1,2,2,2,0,2,2,2,1,1,0,2,2,2,1,2,1,1,2,1,2,0,2,0,1,1,2,1,1,0,2,2,1,0,0,0,NA,0,1,0,2,0,2,0,2,1,0,2,1,1,0,NA,0,1,2,NA,2,1,0,1,1,0,1,0,1,2,1,0,1,1,1,1,NA,0,1,2,0,2,1,1,0,2,0,0,1,0,0,1,2,0,0,0,1,0,2,1,1,1,1,0,2,2,0,1,0,0,2,1,1,1,1,0,1,0,0,2,2,2,1,0,NA,2,0,1,0,1,1,0,0,0,0,2,2,0,0,NA,0,2,2,1,0,2,2,0,1,1,1,1,2,2,2,1,2,2,1,1,1,0,2,1,1,1,1,0,2,1,2,1,0,NA,1,1,1,0,1,0,2,1
Sample_43,1,1,1,1,2,0,1,1,2,0,2,0,NA,2,1,2,2,1,2,1,1,0,2,2,0,1,2,2,0,0,1,0,NA,0,2,0,2,0,NA,0,1,0,0,1,2,1,1,1,2,2,2,0,2,2,2,0,0,1,2,2,0,1,1,0,0,0,0,2,1,1,1,0,1,2,1,0,1,1,1,0,1,1,1,1,0,2,1,1,0,0,0,1,0,2,0,NA,0,1,2,2,0,1,2,0,0,1,1,2,2,2,0,1,2,1,2,1,2,1,1,1,2,1,0,1,0,0,0,2,0,1,2,1,2,1,0,2,2,1,0,2,NA,0,0,NA,1,1,1,1,1,2,1,2,0,NA,1,1,1,0,2,1,2,0,2,1,1,0,2,0,2,2,2,2,2,0,2,1,2,2,1,NA,1,0,1,2,1,0,1,0,2,1,0,0,1,0,0,1,2,0,2,2
Sample_44,2,1,0,2,0,1,1,2,2,1,1,NA,2,0,2,0,0,1,1,2,2,0,0,0,1,0,1,2,0,2,0,0,1,2,2,NA,0,0,0,2,1,2,1,1,2,1,0,1,2,2,2,1,1,2,0,NA,2,2,2,2,1,0,0,2,2,1,2,1,0,2,1,1,0,1,0,1,1,1,2,1,1,0,1,0,2,0,0,1,0,0,0,1,2,0,2,2,2,0,0,1,1,0,0,2,NA,0,1,0,2,0,0,2,0,0,2,0,2,1,NA,1,2,0,0,0,1,2,0,2,2,0,0,1,1,NA,2,1,2,2,2,2,NA,2,NA,1,0,0,2,0,0,1,0,2,1,1,2,1,2,1,2,2,1,1,NA,NA,0,0,2,1,1,1,0,2,1,2,0,1,1,1,0,NA,1,2,0,2,1,1,2,2,0,0,1,0,2,2,2,2,2,NA,1,2
Sample_45,1,NA,0,2,1,1,2,2,1,1,0,1,0,1,2,NA,2,0,0,1,2,2,2,0,0,0,NA,NA,0,2,1,0,0,0,2,2,0,NA,2,2,1,0,1,2,2,1,1,2,0,2,2,0,0,2,0,1,2,2,0,2,2,1,1,0,0,0,0,2,1,0,0,1,0,2,2,2,2,1,2,2,1,2,1,1,2,0,1,2,0,0,0,0,2,0,1,2,0,0,0,0,2,2,0,0,2,1,0,0,0,0,0,2,1,2,1,2,1,NA,0,2,NA,0,0,2,0,1,0,2,0,2,0,1,2,2,1,0,0,2,1,0,1,0,1,NA,0,NA,NA,0,2,1,1,1,0,0,2,1,0,0,1,2,2,1,1,2,2,0,2,2,0,0,1,2,2,2,NA,1,2,1,0,1,0,0,0,0,1,1,2,2,1,0,NA,2,2,2,0,1,0,1,2,1
Sample_46,1,0,0,1,2,0,2,NA,1,1,2,2,0,2,0,2,1,0,2,2,1,0,1,0,1,2,1,0,0,0,2,2,0,2,0,2,1,1,0,NA,0,0,2,1,1,0,2,2,2,0,0,0,1,0,2,0,1,2,1,2,2,0,2,1,1,0,2,0,2,1,1,1,1,2,1,2,0,2,0,1,0,0,2,2,2,NA,0,1,1,2,NA,0,1,0,0,0,0,1,0,0,2,1,0,0,1,1,1,0,0,1,2,0,2,1,0,1,0,1,1,1,2,2,0,2,2,0,1,0,0,2,0,1,0,1,2,1,2,2,2,1,2,2,2,2,1,2,2,2,2,1,1,NA,1,0,0,0,0,1,2,0,2,NA,0,0,1,0,0,1,2,2,2,1,2,2,1,1,2,0,2,1,NA,0,1,0,1,2,1,2,0,NA,1,2,0,1,0,0,1,0,1,1
Sample_47,0,0,0,NA,2,1,1,0,1,0,0,1,0,NA,2,2,1,0,1,1,2,2,2,0,1,1,1,2,0,1,2,1,2,0,0,1,1,0,2,2,1,NA,2,0,0,0,0,1,0,1,2,1,NA,0,0,0,0,0,2,1,2,1,0,2,1,0,0,1,NA,1,0,1,0,2,0,2,0,2,2,0,0,1,2,0,0,1,2,1,2,0,0,2,0,0,1,1,1,0,2,2,1,0,2,1,1,0,0,0,0,0,2,2,1,2,1,1,2,2,0,0,2,2,1,0,2,1,2,1,0,0,0,0,2,2,1,2,1,1,1,1,2,2,0,1,2,0,1,0,2,1,2,2,2,1,2,2,1,2,2,2,1,2,0,2,2,NA,1,0,0,0,2,0,1,1,2,1,0,0,2,2,1,0,1,1,1,2,2,0,2,1,0,0,2,1,1,2,0,1,1,1
Sample_48,2,2,2,2,2,0,2,2,1,NA,2,1,2,2,1,1,0,NA,2,2,2,0,2,0,2,0,0,1,1,1,1,0,2,2,1,2,1,1,NA,1,0,2,1,0,NA,1,2,0,2,0,0,0,0,2,1,0,2,1,1,2,1,1,0,2,1,2,2,2,1,1,2,2,2,0,1,0,0,0,1,0,0,0,0,1,0,1,NA,2,2,0,1,2,1,2,1,2,0,2,2,2,2,NA,2,2,1,0,0,0,0,0,0,2,NA,0,2,NA,0,1,2,1,NA,1,2,1,0,1,1,1,1,1,2,1,0,2,1,2,0,2,2,0,0,2,1,2,2,0,0,0,2,0,0,2,1,2,1,2,0,1,0,2,2,1,1,1,1,1,0,1,2,1,2,1,2,0,1,0,2,1,1,0,1,2,2,0,NA,0,1,2,2,0,1,1,2,2,2,2,2,1,1,2
Sample_49,0,0,1,0,2,2,2,1,0,2,0,NA,2,2,2,0,0,2,2,2,0,1,2,0,0,0,2,0,2,1,2,0,2,0,1,0,NA,0,2,2,1,0,2,0,0,1,0,1,2,2,1,0,2,2,1,2,0,1,0,2,1,1,0,2,0,2,0,2,0,0,0,0,1,2,1,0,0,0,0,NA,0,1,1,1,0,0,2,1,2,NA,0,2,0,1,0,2,0,2,0,0,NA,1,2,2,1,1,1,2,1,1,0,0,1,0,2,0,2,0,NA,1,0,1,0,1,2,NA,2,1,2,NA,1,1,2,NA,0,2,0,1,2,1,1,2,0,0,2,1,1,1,NA,0,2,0,0,1,1,1,0,0,0,1,NA,1,1,1,0,0,2,1,1,NA,1,2,2,2,2,2,2,NA,2,0,NA,2,NA,2,1,1,2,2,0,2,0,1,2,1,0,1,0,2,0,1
Sample_50,0,2,2,2,2,0,1,1,2,0,2,2,0,0,2,0,2,0,2,0,2,2,2,2,0,0,0,2,2,2,0,1,1,0,1,1,2,2,2,0,0,1,1,1,0,1,1,0,2,0,1,2,0,1,2,2,2,2,1,0,2,2,0,1,1,NA,2,1,2,0,1,1,2,1,2,NA,1,1,1,0,2,1,1,1,NA,0,0,1,0,1,2,2,0,1,2,0,0,1,2,2,0,0,0,0,2,2,2,0,0,0,1,0,0,NA,2,1,2,NA,1,1,0,1,0,2,0,1,0,2,2,2,1,2,2,NA,2,NA,2,1,1,0,1,1,1,2,2,0,2,2,1,1,2,0,2,1,0,2,2,0,1,0,1,0,0,1,0,2,2,0,0,2,0,1,2,1,NA,NA,2,0,2,0,1,2,2,2,1,1,1,1,1,1,0,1,0,2,0,0,1,1,0,0
Sample_51,1,0,2,2,0,NA,1,0,0,1,1,1,0,2,0,0,0,2,1,2,0,NA,2,NA,2,1,2,0,2,1,0,1,2,1,2,0,0,0,1,1,1,2,2,NA,2,1,0,0,2,2,1,1,NA,1,2,2,2,0,0,0,2,1,2,2,2,2,0,1,0,2,2,0,NA,2,2,0,1,2,0,1,0,2,0,0,2,0,0,0,0,NA,2,2,0,1,2,0,1,1,2,1,0,0,1,1,0,2,2,2,0,0,1,2,2,2,1,2,0,2,1,1,2,1,1,1,0,2,2,1,0,0,2,1,0,0,0,2,0,0,2,0,2,2,0,0,NA,0,0,NA,1,1,0,2,2,2,1,2,1,1,1,2,2,1,2,2,0,1,2,0,1,2,2,0,NA,0,1,0,1,2,1,1,NA,1,2,1,0,1,1,2,0,0,2,1,2,2,2,1,0,2,2,2
Sample_52,2,0,1,2,1,2,2,2,2,2,0,2,1,0,1,NA,0,NA,1,1,2,2,0,1,2,2,0,1,2,0,1,0,0,1,0,2,2,1,2,0,0,2,1,0,2,1,1,0,2,1,0,2,2,1,0,0,0,1,2,1,0,0,1,1,2,2,2,1,NA,2,2,2,1,0,0,2,1,NA,1,2,0,2,0,1,0,2,0,2,2,1,2,0,NA,1,2,NA,1,2,2,1,1,0,0,2,2,0,1,2,1,1,0,2,0,0,2,2,0,0,2,1,0,1,2,1,0,0,0,1,1,NA,0,0,1,2,2,0,0,2,1,0,1,1,1,1,2,0,1,2,0,2,1,1,1,2,0,0,0,2,0,2,NA,1,1,0,0,0,2,0,1,0,0,2,1,2,0,NA,2,0,1,2,1,2,2,2,1,NA,1,1,0,2,NA,2,1,0,0,NA,1,2,1,0
Sample_53,2,1,0,1,NA,1,2,2,0,1,2,2,0,2,0,NA,0,1,2,NA,NA,2,2,1,0,0,2,2,0,2,1,1,0,NA,1,0,0,2,0,0,1,1,0,1,0,2,2,0,1,0,2,2,NA,1,0,0,2,1,0,NA,0,1,0,0,2,1,2,2,2,0,2,1,1,NA,0,0,2,1,0,1,0,0,NA,0,0,2,NA,2,0,2,0,2,2,1,2,0,0,0,1,0,1,1,1,2,2,2,1,1,2,0,1,0,2,0,1,1,2,2,2,0,NA,0,2,0,0,0,1,2,0,2,0,1,2,0,2,0,2,0,2,0,0,1,0,0,2,0,1,0,1,2,0,2,1,1,2,2,0,2,2,2,2,0,1,0,0,2,0,2,1,1,0,0,1,2,1,1,1,1,0,2,0,2,1,1,1,0,1,0,2,2,1,1,1,0,0,1,0,0,1,2
Sample_54,2,1,0,2,2,0,1,2,2,2,0,2,2,2,1,0,0,2,1,0,2,2,0,0,0,0,2,2,1,NA,1,1,1,2,1,1,2,1,2,0,0,2,1,2,2,0,1,0,1,NA,0,2,1,1,1,1,1,1,1,0,NA,1,1,2,1,0,1,2,2,0,0,0,1,0,0,1,1,2,0,2,1,1,0,0,2,2,0,2,0,2,1,2,2,0,2,2,2,NA,1,0,1,0,1,1,1,NA,0,0,2,0,2,1,2,0,NA,1,0,0,1,0,0,0,2,0,2,2,0,0,1,1,2,0,0,0,2,0,2,2,2,0,0,1,2,2,0,NA,1,0,0,1,2,0,0,2,0,1,0,0,0,0,NA,1,2,2,2,2,2,1,2,2,2,1,1,1,0,0,0,0,2,NA,2,0,2,2,2,2,0,1,1,2,1,2,NA,2,1,0,2,0,2,1
Sample_55,0,NA,0,1,2,0,NA,0,0,0,1,0,2,1,1,1,NA,2,0,2,0,2,0,2,1,2,0,1,0,1,1,0,0,0,1,2,NA,2,0,0,0,2,2,2,2,1,2,1,0,1,2,0,2,0,1,2,1,1,2,2,2,0,0,1,0,NA,2,2,0,0,2,0,1,1,2,1,2,NA,2,1,2,1,2,1,0,0,1,0,1,NA,1,0,0,1,2,0,1,2,1,2,1,2,1,0,0,0,2,1,0,2,2,2,1,1,1,0,1,1,1,0,1,1,2,2,2,1,1,2,1,2,2,0,0,2,2,2,2,2,2,1,0,0,2,0,0,0,1,2,1,1,1,0,0,NA,NA,2,1,0,2,0,0,1,0,1,1,2,1,2,2,0,1,0,2,0,1,0,1,0,0,2,0,0,1,2,0,0,1,1,0,NA,1,1,2,2,2,0,2,2,2,1
Sample_56,0,2,2,1,0,0,1,1,0,1,0,2,1,1,1,0,0,0,0,NA,NA,2,0,0,0,1,0,0,1,1,0,1,1,1,1,2,1,0,0,2,1,0,0,0,NA,1,2,0,2,0,0,1,2,1,2,0,1,2,1,2,2,0,0,2,2,1,2,0,0,1,2,1,2,1,2,0,2,2,0,0,0,0,2,NA,2,2,2,0,0,1,0,0,1,2,2,2,0,0,1,2,0,0,1,0,1,2,1,2,0,2,2,0,1,1,0,2,2,1,NA,0,NA,2,2,0,1,2,1,0,2,0,2,1,0,1,0,1,0,1,0,2,2,2,0,0,1,0,1,2,0,1,0,0,2,0,NA,1,2,2,1,0,0,0,NA,0,0,2,0,0,1,2,0,2,1,2,1,0,2,1,2,1,0,2,NA,0,2,1,2,1,2,2,1,2,1,0,0,0,1,0,0,NA
Sample_57,0,2,0,0,1,2,2,0,2,1,2,1,2,0,0,2,NA,1,0,2,0,1,2,1,1,0,NA,1,1,2,2,1,0,2,2,0,1,1,1,0,0,0,2,1,0,1,2,1,2,1,1,1,0,NA,0,0,0,0,2,2,1,1,2,2,2,2,0,1,0,1,2,2,2,2,2,0,2,2,1,2,1,1,2,2,1,0,0,2,1,2,1,0,1,0,1,2,2,0,0,2,2,NA,1,2,0,2,2,2,1,1,1,2,NA,1,2,2,2,1,0,0,2,0,0,1,2,1,2,0,1,2,NA,0,0,2,0,0,0,0,0,1,0,NA,1,1,0,0,2,0,0,1,2,2,1,2,2,0,NA,1,0,NA,2,1,1,2,0,NA,1,0,2,1,2,1,2,1,0,2,1,0,NA,0,2,0,1,1,2,1,2,1,1,1,0,0,1,1,0,1,0,0,0,0
Sample_58,2,1,1,1,1,2,1,2,0,0,1,NA,0,2,0,2,2,0,0,0,1,2,1,1,2,2,1,2,2,0,1,1,1,0,1,2,0,0,2,NA,0,1,1,1,1,1,2,2,1,2,2,1,2,1,2,0,2,0,0,0,2,0,0,2,0,2,0,1,1,1,2,0,2,1,0,2,2,2,0,2,1,1,2,2,0,1,0,0,1,2,1,1,1,2,0,0,NA,1,2,NA,2,0,0,1,1,0,1,2,1,2,1,1,1,1,2,2,2,2,0,2,2,2,2,0,2,2,1,1,NA,2,1,0,0,0,1,0,2,0,2,1,0,2,1,0,1,0,2,2,0,1,0,0,1,2,1,2,2,0,1,0,2,0,0,0,0,0,NA,2,2,1,1,0,0,2,2,2,0,0,1,1,0,2,2,1,0,0,1,2,0,0,0,2,1,1,2,1,0,1,0,2
Sample_59,1,0,1,2,2,2,1,1,NA,2,2,0,0,2,1,2,0,NA,2,1,0,2,1,0,0,NA,2,NA,0,NA,1,0,2,1,2,0,2,1,0,2,1,1,2,2,0,0,1,2,1,1,2,1,1,1,1,0,1,2,0,1,0,0,2,2,2,2,2,0,1,1,NA,0,2,NA,1,2,0,0,1,0,1,0,0,2,NA,1,0,1,0,1,2,2,1,0,2,2,2,2,0,2,0,2,0,1,2,0,0,1,0,1,2,0,0,2,0,2,2,0,0,1,0,0,0,0,1,0,0,2,0,1,0,1,1,2,0,0,0,0,0,0,1,2,0,1,0,NA,1,2,2,0,0,2,0,0,1,0,0,1,0,0,1,NA,0,1,0,2,2,2,1,1,0,1,1,0,1,2,1,0,2,1,1,1,0,0,0,2,0,1,1,2,2,1,2,2,0,1,0,1,1,NA
Sample_60,1,2,2,0,2,0,1,NA,2,2,0,2,0,0,1,1,0,0,2,1,0,0,0,2,2,0,1,NA,0,NA,NA,1,1,1,2,0,NA,2,0,1,0,0,2,0,1,1,2,2,2,0,2,1,0,2,1,0,2,2,2,1,0,0,0,2,1,2,1,1,2,1,0,1,2,NA,1,1,0,1,2,1,2,1,0,0,0,2,0,2,2,0,2,1,0,1,2,0,2,0,1,0,0,0,1,NA,0,2,2,0,2,0,2,1,1,1,0,2,0,1,NA,2,0,0,2,0,0,2,1,0,1,2,1,1,0,2,1,2,NA,2,0,1,2,0,0,0,2,2,2,0,1,1,1,0,0,0,2,1,0,1,1,2,0,1,2,1,1,1,1,0,2,0,0,0,1,1,0,1,0,1,2,2,0,1,1,2,1,1,0,NA,2,1,0,0,2,0,0,1,2,1,2,1
Sample_61,2,2,2,1,1,0,0,0,0,1,2,0,0,0,1,2,2,0,0,2,1,0,0,0,1,2,0,1,NA,NA,1,0,2,0,1,2,2,2,0,1,2,0,1,2,2,2,1,2,0,1,2,0,NA,2,1,0,1,0,1,1,0,2,2,0,0,2,1,1,2,1,0,1,0,0,1,2,2,1,2,NA,1,1,0,1,0,0,0,1,1,1,2,1,2,0,2,2,1,0,0,1,0,0,0,1,NA,2,1,0,0,2,2,2,2,2,0,NA,2,0,1,0,1,1,1,2,1,1,0,2,0,0,1,NA,1,1,0,2,0,0,1,0,0,1,0,2,2,0,1,2,NA,2,0,0,1,2,1,1,1,1,0,NA,2,1,1,1,2,1,0,1,0,0,1,1,1,2,0,0,1,1,1,2,0,1,0,1,0,0,2,1,2,1,2,2,2,2,2,2,1,2,2,0
Sample_62,1,0,1,2,2,1,1,1,1,1,1,2,1,2,2,1,1,1,2,0,2,0,1,0,0,2,2,0,0,1,1,0,0,0,0,2,1,2,2,1,0,2,NA,0,0,2,0,1,1,0,2,NA,1,0,0,0,0,2,NA,NA,0,1,1,0,1,1,1,2,NA,2,NA,1,0,2,2,2,2,0,0,1,0,2,1,2,NA,2,0,1,1,1,1,2,1,2,2,2,1,2,1,0,1,1,0,2,NA,0,0,0,0,1,0,1,2,2,0,0,0,NA,1,0,2,1,0,2,1,2,0,1,2,1,0,0,0,0,0,0,NA,1,2,2,0,1,0,2,1,1,2,0,0,1,0,1,1,0,2,1,2,1,0,0,0,0,0,0,1,0,2,1,0,0,2,1,0,NA,0,2,1,1,0,0,0,1,NA,0,0,2,0,0,1,2,0,2,1,1,0,2,2,2,1,2
Sample_63,2,0,2,0,2,2,0,0,2,0,2,0,2,1,1,2,2,1,2,2,1,2,0,0,NA,1,2,0,0,2,2,2,2,0,0,2,2,2,1,2,2,0,0,0,0,0,2,0,2,1,2,0,0,1,0,1,0,1,0,2,2,2,1,2,0,1,2,0,1,2,1,1,1,2,0,1,1,2,1,NA,0,0,0,1,0,0,0,0,NA,2,2,1,0,1,1,2,0,2,2,1,0,2,1,0,0,1,1,1,2,0,1,2,1,0,1,1,1,1,1,1,2,2,2,0,1,1,1,0,2,NA,0,1,1,0,0,0,1,1,1,1,0,2,0,0,0,1,NA,2,2,0,2,0,1,0,1,1,1,1,1,1,0,1,0,2,2,NA,1,2,0,NA,1,NA,2,1,1,1,NA,0,1,1,0,1,1,0,1,0,0,0,1,2,0,2,2,1,1,0,0,0,0,2
Sample_64,2,1,NA,2,0,2,0,0,0,2,2,2,2,0,0,0,1,2,2,0,2,2,0,2,0,2,2,0,0,1,0,1,0,1,0,2,2,0,0,1,2,0,1,2,1,NA,0,1,1,1,2,1,2,1,0,2,2,2,2,1,0,1,1,2,2,0,2,2,2,2,1,NA,0,0,0,1,NA,0,NA,0,0,1,0,1,2,1,2,0,0,2,2,2,2,1,1,1,2,2,1,0,1,0,2,0,0,2,0,1,1,0,2,2,1,2,1,0,2,2,0,2,0,0,0,1,0,1,1,2,2,1,NA,1,1,2,1,2,1,0,1,1,0,2,2,0,2,1,1,2,0,0,0,1,2,1,0,2,1,2,0,1,2,0,2,0,1,1,2,0,1,2,2,0,2,2,0,2,1,1,1,1,1,NA,1,0,1,0,0,2,2,0,0,NA,1,NA,2,1,2,0,1,2
Sample_65,0,2,0,0,NA,2,0,2,0,2,1,1,2,2,0,2,0,0,0,NA,1,0,1,2,2,2,0,1,0,0,1,0,1,2,1,0,2,2,1,0,1,0,1,0,1,1,0,NA,1,0,1,1,2,0,0,2,2,0,2,0,0,0,1,1,2,NA,1,NA,2,0,1,0,1,0,2,1,2,1,2,2,2,0,1,1,NA,2,2,NA,2,2,1,1,2,1,0,0,0,1,NA,2,0,1,0,0,0,2,0,2,NA,1,0,2,0,2,2,2,2,NA,2,NA,0,1,1,1,0,2,2,0,0,1,0,2,1,2,2,0,0,2,2,2,2,1,0,2,0,1,1,2,0,1,2,2,0,1,2,0,NA,1,1,1,1,2,0,2,0,0,0,2,2,2,1,1,1,1,1,2,0,0,1,2,0,2,0,1,0,0,0,0,0,0,2,2,0,2,0,2,0,2,0,0
Sample_66,NA,0,1,2,2,0,0,0,NA,1,NA,1,1,2,1,2,0,2,2,1,0,0,2,2,1,1,1,1,1,0,2,1,1,0,1,0,1,1,1,0,1,2,1,1,NA,0,1,NA,0,0,2,0,0,0,1,1,1,0,1,2,2,1,1,2,2,1,1,0,2,2,2,1,2,2,0,1,2,1,1,2,1,0,1,NA,0,2,1,0,0,2,0,2,1,0,0,2,0,0,1,0,2,1,0,1,2,1,1,2,0,2,2,0,0,NA,2,0,0,0,1,1,0,2,2,NA,1,0,1,0,0,1,2,2,2,0,NA,1,0,0,1,2,0,1,0,1,2,0,1,2,1,NA,0,0,1,2,0,0,0,2,0,1,2,1,1,1,0,0,1,0,0,0,2,2,1,1,2,2,1,2,0,0,2,2,2,2,2,1,2,0,2,1,NA,2,0,1,1,0,0,1,0,0
Sample_67,2,2,0,0,1,1,0,NA,2,2,0,0,2,1,1,2,1,2,1,2,2,0,2,2,1,1,2,NA,2,2,2,1,2,1,2,1,2,1,2,0,1,1,0,0,0,1,0,1,1,2,1,2,1,1,1,0,1,0,2,2,1,0,0,1,1,0,1,1,2,1,0,0,1,1,NA,1,0,1,NA,0,NA,1,0,1,0,1,2,2,2,1,0,2,NA,2,2,1,2,0,1,2,0,2,0,0,1,1,1,2,0,1,0,2,NA,2,0,1,NA,1,2,0,0,2,0,1,0,1,0,2,1,2,1,0,0,1,2,0,2,2,2,2,1,1,1,2,0,1,NA,2,2,1,1,1,0,1,0,0,0,2,0,2,0,2,0,1,2,2,0,0,1,0,0,2,0,0,2,0,NA,1,1,2,2,2,1,1,2,2,1,1,2,2,2,NA,0,0,0,2,2,2,2,0
Sample_68,2,1,1,2,NA,0,1,0,2,0,2,2,2,2,2,2,1,0,0,0,1,NA,2,2,NA,1,0,0,0,2,0,2,1,2,0,1,NA,1,1,2,0,2,1,2,0,2,0,1,0,1,0,2,1,2,0,2,1,NA,2,0,1,1,2,0,0,1,0,1,2,2,2,NA,1,2,0,1,2,1,1,1,1,NA,0,1,1,0,0,2,0,2,0,1,2,2,2,1,2,2,0,0,0,1,2,0,0,1,2,2,2,0,1,NA,0,1,2,0,1,2,1,2,2,2,0,1,NA,0,2,2,2,1,0,1,2,2,2,2,1,1,NA,2,0,1,0,0,1,2,2,NA,2,0,0,1,2,1,0,NA,2,0,0,0,2,1,2,NA,0,1,1,2,0,1,1,1,1,1,NA,0,1,1,1,1,1,0,0,0,0,1,2,2,1,0,1,1,1,1,0,2,0,1,2,0
Sample_69,1,2,2,0,2,0,0,0,1,2,0,1,0,0,2,1,1,1,0,0,2,0,2,0,0,1,0,2,0,0,1,0,1,1,0,0,2,1,2,2,1,1,0,2,0,1,2,2,1,2,1,NA,0,2,1,2,2,NA,0,2,1,0,1,NA,1,2,0,1,0,2,0,0,0,0,2,2,1,2,NA,2,0,0,1,0,0,2,0,0,0,2,1,1,1,1,1,1,0,2,0,2,2,0,1,1,0,2,2,2,0,0,0,1,1,0,1,1,2,2,1,1,1,1,2,1,1,1,1,1,2,2,0,2,1,0,2,1,2,0,0,1,2,0,2,1,2,2,2,2,1,1,0,1,0,2,0,1,2,0,2,2,0,1,1,0,0,0,1,1,2,0,0,1,0,0,1,2,1,1,0,2,2,1,0,1,2,2,1,NA,2,2,2,2,1,2,2,2,NA,2,1,0
Sample_70,NA,0,2,NA,2,2,2,NA,0,1,0,2,1,0,1,0,2,2,2,0,1,0,1,0,0,2,2,0,0,2,0,0,2,1,0,2,2,2,0,0,0,2,1,0,0,0,2,2,2,2,0,1,2,1,0,0,1,0,1,2,0,2,2,0,2,2,0,2,2,1,2,1,1,0,0,NA,1,0,1,2,0,0,1,0,0,0,1,1,0,1,1,1,2,1,0,1,2,2,2,2,2,1,2,2,2,0,NA,2,1,1,1,1,1,0,2,0,0,1,0,0,2,NA,2,0,0,1,1,1,NA,1,0,0,1,2,1,0,2,1,0,0,2,0,0,2,0,1,0,1,2,0,NA,2,1,0,0,0,0,1,1,0,2,0,1,2,2,1,0,1,0,2,NA,1,1,2,0,2,0,2,0,1,2,1,2,0,2,2,0,NA,1,2,0,0,2,2,0,2,2,0,1,0
Sample_71,1,1,1,1,0,1,2,NA,1,0,1,2,2,1,0,1,0,1,0,1,1,0,2,2,0,0,2,1,2,2,1,1,1,0,0,2,2,1,1,0,1,1,1,1,1,1,2,1,1,1,NA,1,0,0,0,1,1,0,1,0,0,NA,NA,2,0,2,0,0,0,0,NA,1,0,1,2,1,0,0,0,0,0,2,0,1,NA,1,2,NA,2,1,1,0,0,0,2,1,0,1,2,2,2,1,1,NA,2,0,1,1,0,0,1,1,2,1,1,1,1,NA,2,1,2,0,2,1,1,1,0,2,1,0,0,2,1,1,2,0,0,1,2,1,NA,1,0,0,2,2,0,0,2,1,1,1,1,2,0,NA,0,1,0,2,2,0,0,1,2,2,1,0,2,0,2,2,1,1,2,0,1,0,1,1,0,0,1,0,1,1,0,1,1,1,1,1,2,0,2,1,0,2,0,2
Sample_72,2,1,1,0,0,0,1,0,0,2,NA,0,1,0,0,2,0,0,1,2,2,2,NA,1,1,0,2,2,0,2,0,1,0,0,2,2,2,1,2,1,2,1,2,0,2,0,0,0,NA,0,2,1,1,1,2,0,1,1,NA,0,2,1,2,2,0,2,2,1,2,2,1,2,0,0,1,0,0,2,0,1,0,2,2,2,0,2,2,2,NA,0,0,0,1,1,0,0,2,2,1,1,0,2,0,2,1,0,1,0,2,NA,2,2,2,0,0,0,1,2,0,2,1,2,2,0,0,0,0,2,0,2,2,1,0,0,0,2,2,0,2,1,2,2,NA,2,1,1,0,NA,0,NA,1,1,1,2,0,0,2,0,2,1,0,NA,0,0,2,0,0,0,2,1,1,2,0,2,1,2,2,0,NA,0,0,0,2,0,2,0,0,2,2,1,2,2,0,2,0,2,1,1,1,2
Sample_73,2,0,1,NA,1,1,2,2,1,2,0,1,2,1,NA,1,1,0,2,0,1,NA,0,2,0,0,0,2,0,1,2,2,0,1,2,1,2,1,1,1,2,1,1,2,0,NA,1,2,1,2,1,1,2,2,0,0,2,2,0,2,NA,2,0,2,NA,1,0,0,2,0,2,0,1,0,2,0,0,0,2,2,0,2,0,1,2,0,0,1,2,2,2,2,0,2,1,0,1,2,0,0,0,1,1,2,1,1,0,2,0,NA,2,2,0,NA,1,2,2,0,2,2,2,0,1,1,2,1,2,2,1,0,2,0,0,2,2,0,1,2,1,0,1,2,2,NA,0,1,1,1,2,2,2,2,NA,2,1,0,1,1,1,2,1,2,2,2,1,NA,2,1,1,1,2,2,0,1,1,2,0,1,0,2,0,NA,1,2,2,2,1,1,2,0,2,0,0,0,2,2,NA,2,0,2
Sample_74,0,0,0,0,2,1,0,NA,2,0,0,2,0,2,0,2,0,1,2,2,1,2,1,2,1,2,1,1,1,0,2,1,2,2,1,2,2,2,1,0,1,1,1,0,1,2,0,NA,1,2,2,1,2,2,2,1,2,2,2,NA,NA,1,0,2,NA,1,0,0,0,2,2,NA,0,1,2,2,1,2,NA,0,0,1,0,2,0,1,NA,2,0,0,1,2,2,0,2,1,2,0,0,2,NA,0,0,1,1,1,2,2,1,2,2,1,0,1,2,2,0,0,1,1,2,1,1,0,0,0,1,0,2,1,1,2,1,0,1,NA,0,2,0,NA,0,0,1,0,2,0,1,1,2,2,2,0,2,1,0,0,0,2,2,1,0,2,0,0,1,NA,2,2,0,1,1,1,2,2,2,NA,1,0,2,1,2,0,2,0,2,0,0,1,2,2,2,1,1,0,1,2,0,1,2,0
Sample_75,0,0,1,1,1,0,2,1,1,1,2,2,0,1,0,0,NA,1,2,1,0,2,2,0,1,1,0,0,2,0,2,2,2,2,0,2,0,0,2,0,1,0,0,1,0,2,0,0,2,2,2,0,2,1,0,2,0,2,0,2,NA,2,2,1,0,NA,1,0,1,1,0,1,0,2,2,0,0,0,2,2,2,1,1,0,1,0,1,0,1,0,2,1,1,1,0,1,1,0,1,0,2,1,0,0,2,1,0,1,0,0,0,2,1,0,0,0,1,0,2,0,1,0,1,2,1,1,0,2,0,NA,0,2,0,0,0,2,2,2,2,2,0,2,0,NA,1,2,0,1,2,1,0,NA,1,1,1,1,2,2,1,1,2,2,1,0,0,2,1,1,0,2,0,1,2,2,0,1,0,1,1,1,2,1,2,1,2,0,0,2,2,2,2,0,0,2,1,1,2,0,2,0
Sample_76,0,2,1,0,0,2,0,0,2,2,2,2,0,2,0,1,0,0,1,1,1,2,0,0,1,1,0,0,1,0,1,2,1,0,2,0,1,0,0,1,2,1,2,NA,2,1,2,0,2,NA,2,0,1,0,0,2,0,2,1,1,0,0,0,0,2,0,1,2,2,0,0,0,1,0,0,1,0,2,1,2,NA,0,1,NA,1,2,0,2,2,1,1,NA,1,1,2,2,0,1,2,1,2,0,0,0,0,NA,1,1,2,0,NA,0,2,2,1,0,0,1,1,0,2,0,0,0,1,2,0,1,0,0,0,1,2,0,1,2,1,1,2,1,0,2,1,0,1,NA,1,0,1,2,2,1,1,0,1,2,1,0,0,1,0,0,2,0,2,0,1,1,2,2,1,1,2,2,0,0,2,NA,1,0,2,0,0,1,2,1,1,1,2,2,2,1,2,1,1,2,0,0,1,2
Sample_77,2,0,1,0,1,2,0,1,NA,2,0,1,2,0,1,0,1,2,2,2,1,1,1,0,0,1,2,2,2,1,0,NA,0,0,2,1,2,0,2,1,2,1,1,NA,1,0,2,1,1,2,2,1,2,0,2,0,1,0,2,1,0,1,1,1,1,1,1,1,2,2,2,1,1,1,2,0,2,0,0,1,0,0,1,1,1,0,1,1,2,0,0,1,2,0,0,2,2,2,NA,1,2,2,1,2,1,1,1,0,0,1,2,2,0,0,2,0,0,2,2,1,2,2,2,1,0,2,2,1,1,0,1,1,2,2,1,1,2,1,1,0,0,2,1,2,0,2,2,0,0,2,1,1,1,1,2,0,0,1,0,1,NA,1,0,0,2,1,1,1,0,2,0,NA,2,2,2,0,0,2,1,1,0,0,0,0,NA,1,1,2,1,2,2,0,1,1,2,0,2,2,0,2
Sample_78,1,2,0,1,0,0,0,1,2,2,2,0,0,1,0,0,0,2,2,0,0,2,0,1,0,0,1,0,2,0,0,0,1,1,0,0,2,2,2,2,1,2,1,1,1,2,0,0,2,2,0,1,2,0,NA,2,2,2,0,2,2,2,2,2,2,0,2,1,1,1,2,0,NA,1,2,0,NA,0,2,2,0,2,0,0,0,2,1,2,0,0,0,1,1,2,1,2,2,NA,2,1,NA,1,0,0,1,1,1,1,2,0,0,0,2,1,2,0,1,1,0,2,2,1,1,2,2,0,1,0,0,0,0,0,0,0,1,1,1,0,2,NA,0,2,2,1,2,2,1,2,1,2,1,1,0,0,1,2,2,0,2,0,1,2,2,1,1,2,0,2,2,0,0,0,0,0,0,NA,2,2,2,1,1,2,NA,1,2,1,2,2,0,1,0,1,2,1,0,2,1,1,0,0
Sample_79,1,1,0,1,2,2,1,0,1,1,1,1,0,1,1,2,NA,2,1,0,0,0,0,1,2,0,0,1,2,2,1,2,NA,1,2,NA,2,0,0,1,0,1,1,1,2,2,1,1,0,2,1,NA,1,2,1,0,0,2,2,1,0,2,2,1,2,2,2,0,0,1,2,2,0,0,1,1,0,1,1,2,1,1,1,NA,0,1,2,0,0,1,0,2,0,2,1,0,1,0,2,2,1,1,1,1,2,1,NA,2,2,0,1,1,2,1,2,0,2,2,0,2,0,1,1,0,0,1,1,0,2,0,2,2,0,1,2,1,1,2,1,2,2,0,1,0,1,0,2,1,2,1,2,1,0,2,1,0,1,0,2,2,0,1,1,1,0,1,1,2,1,1,2,0,0,1,1,NA,0,1,0,2,2,0,0,1,2,0,1,0,1,0,2,2,2,0,2,1,1,1,0,2
Sample_80,2,1,NA,0,2,0,0,0,2,NA,0,1,2,2,1,0,2,2,0,1,0,2,NA,1,0,2,1,0,0,1,2,2,2,2,0,2,2,2,0,0,0,2,1,1,0,2,0,2,1,1,1,1,1,0,1,0,0,2,2,0,1,0,0,2,2,2,1,2,1,2,1,0,2,0,1,0,1,0,0,0,1,NA,NA,1,1,0,0,2,1,2,1,2,0,2,0,0,1,1,2,0,0,2,0,2,1,1,1,0,0,1,2,2,1,1,2,NA,2,2,NA,1,0,2,0,0,1,0,2,1,0,0,1,0,2,2,1,1,0,1,0,2,1,0,2,1,2,0,2,0,1,1,1,1,0,2,0,2,0,0,2,0,1,2,1,0,1,2,1,0,2,NA,NA,1,2,0,2,1,1,0,2,1,1,1,2,1,2,0,NA,1,2,2,1,2,0,1,0,0,1,2,1,1
Sample_81,1,1,0,1,0,2,1,0,2,1,1,0,1,2,1,2,1,0,0,2,1,1,2,1,2,1,1,0,1,2,NA,0,1,1,1,0,1,2,2,1,2,1,1,NA,1,1,1,2,2,1,0,2,2,1,0,1,1,2,0,0,2,1,0,0,0,2,1,0,2,1,1,2,1,2,1,1,0,0,1,2,0,1,2,2,1,0,2,2,1,1,0,0,1,1,1,0,1,2,2,2,0,0,0,1,NA,2,1,1,2,2,1,1,2,2,0,2,1,0,2,1,1,NA,0,2,NA,NA,2,NA,1,0,0,0,2,0,1,1,0,2,0,2,1,0,1,0,1,2,1,0,0,1,2,1,2,0,2,2,0,2,1,2,NA,NA,1,2,0,0,2,2,2,0,0,2,2,1,0,1,0,NA,0,2,0,0,1,1,0,2,0,0,2,1,0,0,2,1,0,1,1,0,1,1
Sample_82,1,2,1,2,2,0,2,1,0,2,1,1,2,2,1,1,0,1,0,1,1,2,2,NA,2,NA,1,2,NA,1,1,2,NA,NA,2,2,0,0,0,2,2,0,2,0,2,2,2,2,0,0,0,0,0,1,0,1,0,2,1,2,0,2,2,1,2,0,2,2,1,1,0,0,0,0,0,1,0,0,NA,2,2,NA,0,1,2,0,1,2,1,0,1,0,2,0,2,1,1,1,0,1,2,2,NA,0,2,0,2,2,2,1,2,0,1,1,2,0,1,0,1,0,2,2,0,0,1,1,NA,0,0,0,1,1,2,1,2,0,2,2,1,0,2,1,0,2,0,2,0,2,1,1,0,1,1,0,1,2,1,0,1,0,2,0,1,1,1,0,2,2,1,0,0,1,1,2,1,1,1,1,0,1,NA,0,2,NA,NA,1,0,2,2,2,2,1,1,1,2,1,1,2,2,1
Sample_83,2,NA,0,1,1,2,1,2,NA,0,0,2,2,2,1,2,0,1,NA,2,0,0,NA,1,2,2,2,2,1,0,0,1,0,1,2,1,2,1,0,1,1,1,0,0,0,2,0,0,NA,NA,1,0,1,1,0,0,2,0,0,0,2,0,NA,1,0,1,0,1,0,2,2,2,2,1,0,1,1,0,NA,1,0,0,NA,1,0,2,0,2,1,2,1,1,1,2,0,2,1,1,1,0,NA,0,1,NA,1,0,0,2,0,0,2,2,0,1,0,0,0,1,1,1,0,1,1,0,2,2,1,0,NA,1,0,2,0,0,0,1,0,0,0,1,2,0,0,0,1,NA,1,0,2,0,2,2,1,1,2,1,1,2,1,0,0,0,2,2,1,NA,0,0,2,2,1,0,1,NA,0,1,1,2,0,0,1,1,1,0,2,2,0,1,NA,1,2,2,2,2,0,2,2,2,0,1
Sample_84,0,NA,0,1,0,2,NA,1,2,0,NA,1,1,0,0,1,0,1,2,2,2,2,2,2,0,2,0,NA,1,0,1,0,1,1,0,0,0,0,2,1,0,0,0,1,1,2,1,0,2,2,2,1,0,0,2,NA,0,0,0,2,2,2,1,1,2,2,0,1,2,1,0,1,0,0,2,2,1,0,0,2,2,0,0,0,0,1,1,0,1,2,0,1,0,0,1,NA,2,0,1,1,0,2,1,NA,2,2,1,NA,2,1,1,0,1,2,0,0,2,0,0,0,NA,0,2,1,1,2,2,1,2,2,0,0,NA,2,0,1,1,2,2,2,1,0,0,1,2,2,1,0,1,1,2,2,0,2,0,NA,0,1,0,0,2,0,0,1,2,2,2,2,0,1,0,0,2,2,0,1,2,2,1,0,2,2,2,0,1,2,1,2,0,2,2,1,0,0,1,2,0,1,1,1
Sample_85,2,0,1,0,2,2,1,2,2,1,1,1,2,1,0,1,0,0,1,2,1,0,2,1,2,1,2,1,1,0,2,1,1,NA,1,1,2,1,0,2,0,0,2,NA,0,NA,2,0,2,2,0,0,2,2,0,0,1,1,0,1,0,0,0,1,0,2,2,0,1,2,1,0,0,NA,0,NA,1,1,0,0,0,NA,1,0,0,2,2,2,0,2,1,0,1,0,2,NA,1,0,1,2,2,0,0,1,0,1,1,1,NA,1,2,0,2,1,0,1,0,2,0,0,0,1,2,2,0,0,1,0,0,2,1,2,1,2,1,2,2,1,1,1,2,1,NA,0,0,1,1,1,2,0,0,1,2,NA,1,1,2,2,NA,1,2,1,0,0,2,2,2,2,0,1,1,1,0,0,2,0,NA,1,0,1,2,1,NA,1,2,0,0,2,0,0,2,1,2,1,2,2,2,2,0,NA
Sample_86,1,0,2,2,2,2,0,1,0,0,2,2,2,0,2,2,2,2,1,2,2,2,2,NA,NA,2,2,2,1,1,2,1,0,2,0,0,1,0,1,2,1,NA,1,2,2,2,2,2,1,2,1,1,0,1,2,2,1,0,2,NA,2,1,0,1,1,2,0,0,0,2,2,0,2,1,NA,1,2,2,0,0,0,2,1,1,2,1,1,0,2,0,0,1,1,1,2,1,1,0,0,NA,1,0,1,1,1,0,0,0,2,2,2,0,1,NA,0,0,2,2,0,1,2,0,1,1,1,0,1,1,1,2,2,0,0,0,2,2,0,NA,2,1,2,0,1,2,NA,0,2,1,1,2,NA,1,NA,1,0,NA,0,2,NA,1,0,2,2,0,0,2,0,0,1,2,0,0,NA,0,0,2,0,2,2,1,1,2,2,1,2,0,0,2,2,0,0,2,1,2,2,0,1,0,1,0
Sample_87,1,2,1,1,2,1,2,1,NA,NA,2,1,1,0,0,2,2,0,0,0,0,0,2,2,1,1,NA,1,2,0,2,2,0,2,1,2,2,1,0,0,1,2,1,1,1,0,0,2,2,NA,2,0,2,1,0,0,2,0,1,0,2,2,1,0,1,2,0,2,0,0,1,1,NA,1,NA,1,0,2,2,0,2,1,2,1,1,2,1,2,2,1,1,0,1,2,2,2,1,1,2,1,NA,2,0,0,2,1,1,2,1,2,1,0,1,0,1,2,NA,1,1,0,2,2,1,0,0,1,1,NA,2,0,0,1,0,0,0,2,2,2,2,2,2,1,0,1,1,2,2,2,1,2,NA,0,1,1,1,0,NA,1,0,2,1,2,2,0,1,2,2,1,0,2,1,1,1,0,1,0,2,NA,0,0,1,2,2,2,1,1,1,1,0,0,0,2,0,0,2,2,2,2,1,0
Sample_88,0,1,2,1,0,2,0,0,1,1,0,0,0,1,NA,2,0,0,0,0,1,0,1,0,2,1,1,0,1,1,0,0,0,2,NA,0,1,0,1,2,1,2,1,1,2,0,0,2,0,0,2,2,2,NA,2,2,2,1,2,2,1,0,0,2,2,2,1,2,0,0,0,1,1,1,2,1,2,1,0,2,0,0,NA,1,0,1,2,NA,2,0,2,2,1,1,2,1,2,0,0,1,1,0,0,2,0,1,0,0,0,0,1,1,2,2,2,1,1,1,2,0,2,1,2,2,1,0,1,1,1,0,2,0,0,2,2,2,0,1,0,1,2,2,0,0,0,2,0,2,NA,0,0,0,2,1,0,1,0,2,0,NA,0,0,1,0,1,NA,1,2,0,1,1,1,2,1,1,1,1,0,1,0,1,2,1,2,1,2,1,2,2,1,0,2,2,0,0,1,0,2,1,1
Sample_89,2,0,0,NA,0,1,1,0,2,0,2,0,0,2,1,NA,2,1,2,0,0,2,2,1,2,1,2,2,NA,1,1,2,0,1,NA,2,0,1,2,1,2,0,2,2,0,1,0,0,0,0,0,2,2,0,NA,1,0,2,2,2,1,1,0,2,2,0,0,0,2,2,1,0,2,0,2,0,0,NA,2,2,0,1,1,0,2,0,NA,0,1,1,NA,1,1,1,2,1,0,2,0,1,0,0,2,2,0,2,0,2,0,2,0,1,0,NA,1,2,1,2,2,0,1,1,2,0,2,0,0,0,0,0,1,2,1,2,2,2,0,1,0,1,2,1,2,1,1,1,0,0,1,0,2,0,2,0,1,2,0,0,0,0,1,1,1,2,2,1,0,1,1,0,1,0,2,2,2,1,1,2,1,2,0,2,0,0,1,2,1,0,1,2,1,0,2,1,1,0,0,0,2,2
Sample_90,1,1,1,NA,0,0,1,0,0,2,2,1,2,2,1,0,2,1,0,1,2,2,0,2,1,1,NA,0,2,0,2,2,2,1,NA,0,2,2,2,0,1,2,1,1,0,2,2,1,0,0,0,2,2,2,0,1,1,1,0,0,2,0,1,2,1,2,0,1,NA,0,2,2,1,0,0,NA,2,1,1,2,0,1,2,0,2,1,1,2,0,0,1,1,1,1,0,2,2,0,1,2,2,2,1,0,1,1,1,2,0,2,2,1,1,1,2,2,2,1,0,2,1,2,0,2,0,1,1,0,2,2,2,0,2,0,2,2,NA,1,0,0,2,1,1,2,0,0,0,2,2,0,0,0,2,1,2,2,0,2,NA,2,2,0,2,2,1,2,1,1,2,1,1,1,2,2,2,2,1,0,0,1,0,1,1,0,0,1,1,1,0,2,0,1,1,0,0,1,0,1,2,0
Sample_91,2,1,2,0,1,0,1,0,1,0,0,1,0,2,0,0,0,2,0,0,2,0,NA,1,0,0,1,NA,0,0,2,2,1,2,0,2,2,0,0,2,2,1,2,1,2,2,NA,2,1,1,2,0,1,2,1,0,0,2,1,2,2,0,0,2,2,NA,2,1,2,0,0,0,0,1,2,1,0,2,NA,1,2,1,0,1,1,1,1,2,1,2,2,2,NA,0,1,0,1,1,2,0,1,2,1,1,NA,1,2,1,2,0,0,0,NA,0,NA,1,1,0,0,1,1,2,0,0,2,2,0,1,NA,0,NA,NA,1,2,NA,2,1,1,2,2,2,1,2,0,1,2,2,0,1,2,1,2,1,1,2,1,1,1,2,0,2,2,2,2,0,1,0,1,1,1,2,2,1,1,2,2,0,1,1,0,NA,2,2,1,2,0,0,2,1,0,0,1,NA,1,2,0,1,1,0,2
Sample_92,0,1,1,2,2,1,0,1,NA,2,2,1,2,2,2,2,0,NA,0,2,0,2,2,0,0,1,0,1,1,2,NA,0,1,1,2,1,1,2,2,2,0,1,2,1,2,2,0,2,1,1,1,0,2,0,0,2,1,NA,2,1,2,0,0,1,0,NA,1,NA,0,2,1,2,1,1,0,0,0,2,0,0,2,1,1,2,0,1,NA,2,0,0,2,0,2,0,0,2,2,2,0,0,1,1,2,2,0,2,2,1,0,1,NA,0,0,1,NA,1,2,0,2,1,2,2,0,2,1,1,2,0,0,2,2,NA,2,1,1,0,2,1,0,0,1,0,2,NA,1,2,1,0,2,1,1,2,0,NA,1,2,1,1,1,1,0,2,2,1,1,2,1,NA,2,1,1,2,2,2,NA,1,1,2,0,1,1,0,0,1,0,1,1,0,2,2,1,1,1,0,0,NA,2,1,0,0
Sample_93,1,0,2,2,0,2,0,0,2,1,0,1,2,1,2,1,1,0,2,1,2,1,NA,0,2,0,2,2,2,0,0,2,1,1,1,2,1,2,2,1,1,1,2,2,0,1,0,1,0,0,0,2,0,1,NA,1,2,0,1,1,1,1,2,2,1,2,1,2,2,0,0,1,2,1,2,0,2,NA,2,0,1,2,0,0,1,2,2,1,1,0,2,1,0,1,0,2,0,2,0,NA,NA,2,1,2,2,2,2,2,2,0,1,0,0,2,1,0,0,1,2,0,0,0,1,0,1,NA,2,1,2,2,1,1,2,1,NA,NA,1,1,0,1,2,2,0,0,2,0,0,2,2,2,1,1,0,0,1,1,1,2,1,1,NA,1,0,1,1,1,2,2,2,1,0,0,1,1,0,2,NA,2,1,2,2,1,1,2,2,1,2,2,0,1,2,2,1,1,1,2,2,0,1,1
Sample_94,0,0,2,NA,2,0,1,0,2,NA,1,0,NA,0,1,0,0,1,1,0,2,0,NA,1,1,1,2,1,2,0,1,2,1,2,2,1,0,1,0,1,1,0,2,2,0,1,1,2,2,0,1,0,1,2,1,0,0,1,NA,1,1,2,2,1,0,2,2,1,1,2,0,0,1,1,1,1,1,1,1,2,2,2,2,1,1,2,0,1,1,2,1,NA,1,2,2,2,2,1,2,1,0,1,0,1,1,0,2,1,0,0,2,2,2,0,1,1,0,1,2,0,0,0,2,2,2,0,1,2,2,1,2,NA,0,0,2,1,2,0,2,0,0,NA,1,NA,0,2,1,2,1,2,2,0,0,1,1,2,2,2,1,NA,1,2,1,NA,0,2,1,0,2,2,0,2,2,0,2,0,1,2,1,0,0,0,2,1,2,0,0,2,1,1,0,1,NA,NA,0,2,1,1,0,0
Sample_95,1,1,1,2,1,2,0,2,NA,1,2,2,1,0,2,2,1,1,2,2,2,0,0,0,1,2,0,2,0,0,2,NA,2,1,0,NA,0,1,1,0,0,2,1,0,2,0,NA,2,0,1,NA,0,2,0,2,2,0,0,0,0,1,1,0,1,1,0,2,0,2,2,2,1,2,0,0,0,1,2,0,0,1,2,2,2,1,2,NA,2,1,2,1,2,0,1,NA,1,1,0,1,2,2,1,0,1,NA,1,1,1,0,1,0,2,0,1,1,1,1,2,1,2,0,0,2,0,1,0,2,1,2,2,2,1,1,0,0,2,1,1,1,0,0,1,1,0,0,0,2,1,0,1,2,1,2,0,1,0,1,1,1,0,1,2,1,2,1,0,2,0,2,0,2,0,0,1,2,0,2,2,1,0,2,0,2,0,2,2,2,NA,1,2,0,1,0,NA,0,NA,2,0,2,1
Sample_96,0,2,0,2,0,0,2,1,1,1,1,2,0,2,2,0,2,1,1,1,0,2,2,1,1,1,2,0,2,1,2,1,2,1,2,2,1,1,1,2,2,0,2,2,1,2,1,2,0,2,0,0,2,2,1,0,0,0,2,1,1,0,1,1,2,1,0,1,1,1,1,2,1,1,2,0,1,2,1,1,1,2,1,0,1,1,1,1,0,NA,0,2,1,0,0,1,2,2,2,NA,1,0,2,2,1,0,2,1,1,0,1,2,1,0,0,2,2,2,0,NA,2,1,2,1,1,2,NA,1,NA,2,0,1,2,0,0,1,2,0,1,2,0,2,1,0,0,1,0,NA,2,1,0,1,1,0,1,1,1,1,1,1,1,0,2,2,2,1,0,NA,1,2,2,1,1,0,0,2,1,2,0,1,0,0,0,NA,1,2,1,1,0,2,0,2,0,0,1,2,2,1,2,NA
Sample_97,1,2,1,2,1,2,1,1,0,0,0,2,2,1,0,NA,1,1,1,NA,0,0,2,0,0,2,0,2,0,2,2,1,2,2,1,1,NA,1,0,2,2,0,2,2,1,2,2,1,1,1,NA,1,0,2,2,1,2,0,1,2,1,0,1,0,2,0,2,0,0,0,2,2,0,1,0,0,0,0,0,2,NA,2,0,0,1,2,NA,2,2,1,0,2,0,2,0,1,2,2,1,1,2,2,2,2,2,0,NA,0,1,2,2,1,2,1,NA,0,2,2,2,1,2,0,1,1,1,2,2,2,1,1,0,2,1,0,0,2,2,1,2,1,0,2,2,0,2,NA,0,1,0,1,2,2,1,1,0,0,2,2,1,0,2,2,2,2,1,0,0,0,1,1,0,2,2,1,2,1,1,1,2,1,0,0,1,0,2,2,1,NA,1,2,0,0,2,1,1,2,0,1,1,2
Sample_98,1,NA,1,2,1,0,2,1,1,2,2,1,0,0,2,2,2,2,2,0,2,1,1,1,2,0,1,NA,1,0,1,2,0,1,1,0,NA,0,1,1,2,2,1,NA,0,0,0,1,2,1,0,0,0,2,0,2,1,0,0,2,0,NA,1,1,0,0,1,2,2,1,0,0,1,0,1,2,0,1,1,1,0,2,0,2,2,2,0,0,0,0,2,0,1,NA,2,2,2,2,0,0,NA,0,0,1,0,2,2,2,2,1,2,0,0,2,2,2,2,1,1,2,1,0,2,0,0,0,1,2,0,2,2,2,2,1,1,0,0,NA,0,1,2,0,1,1,2,0,2,2,2,2,1,1,2,1,0,1,0,2,0,2,NA,0,NA,2,1,0,1,0,0,1,1,2,2,2,1,2,2,2,2,2,2,1,2,1,1,1,2,1,0,1,0,2,2,0,2,0,2,0,1,1
Sample_99,NA,2,NA,0,2,1,2,2,1,1,2,1,0,0,2,2,1,2,2,1,1,0,2,0,0,0,1,2,0,NA,1,2,1,1,0,1,1,0,0,1,2,2,1,0,0,2,2,0,0,2,2,0,1,2,2,0,0,0,1,1,1,0,1,0,0,2,0,0,2,2,2,0,2,0,1,1,2,NA,NA,0,2,2,0,1,0,2,1,2,0,2,0,0,1,1,1,0,0,1,0,1,0,2,0,1,2,1,2,0,0,2,1,2,2,1,0,2,2,2,2,1,1,1,0,1,0,2,2,0,2,0,NA,0,NA,2,1,1,0,1,0,2,2,NA,2,1,0,2,1,1,2,2,2,0,2,1,1,0,1,2,0,0,1,0,0,2,1,2,0,1,2,1,2,1,0,2,2,1,2,2,2,0,2,0,0,1,2,1,NA,1,0,0,0,1,2,1,0,1,1,2,1,1
Sample_100,1,1,1,1,0,0,1,0,1,0,2,0,0,1,2,2,2,2,2,0,0,0,0,1,2,2,1,2,1,NA,0,2,0,1,0,1,2,1,0,1,1,0,1,2,1,2,0,2,1,0,2,0,1,2,2,0,0,1,2,2,0,0,2,0,1,1,0,1,2,0,1,1,2,2,2,2,2,1,1,1,1,0,0,2,2,2,2,0,0,1,2,1,2,2,2,2,2,NA,NA,1,NA,2,2,2,0,1,1,2,1,1,1,1,0,NA,0,NA,NA,2,1,1,2,1,0,2,2,2,2,0,0,1,NA,1,1,2,0,0,2,0,2,1,NA,1,1,0,1,2,0,1,0,2,1,2,2,1,1,1,0,1,1,2,1,2,2,1,0,2,0,1,2,1,2,0,1,0,0,2,1,1,1,2,0,1,1,0,0,0,1,NA,0,2,1,1,1,0,2,0,1,1,2,2
